[ INFO] 2026-09-03 14:31:27.174 [Thread-3] GameCharacter x:30 y:251 vx:0 vy:0
[ INFO] 2026-09-03 14:31:27.879 [Thread-3] GameCharacter x:300 y:240 vx:0 vy:0
[ INFO] 2026-09-03 14:31:28.281 [Thread-3] GameCharacter x:51 y:251 vx:6 vy:0
[ INFO] 2026-09-03 14:31:28.281 [Thread-3] GameCharacter x:320 y:240 vx:5 vy:0
[ INFO] 2026-09-03 14:31:28.382 [Thread-3] GameCharacter x:93 y:251 vx:7 vy:0
[ INFO] 2026-09-03 14:31:28.784 [Thread-3] GameCharacter x:142 y:251 vx:7 vy:0
[ INFO] 2026-09-03 14:31:28.885 [Thread-3] GameCharacter x:184 y:251 vx:7 vy:0
[ INFO] 2026-09-03 14:31:28.987 [Thread-3] GameCharacter x:226 y:251 vx:7 vy:0
[ INFO] 2026-09-03 14:31:29.089 [Thread-3] GameCharacter x:268 y:251 vx:7 vy:0
[ INFO] 2026-09-03 14:31:29.089 [Thread-3] GameCharacter x:285 y:240 vx:5 vy:0
[ INFO] 2026-09-03 14:31:29.190 [Thread-3] GameCharacter x:310 y:251 vx:7 vy:0
[ INFO] 2026-09-03 14:31:29.190 [Thread-3] GameCharacter x:255 y:240 vx:5 vy:0
[ INFO] 2026-09-03 14:31:29.291 [Thread-3] GameCharacter x:352 y:251 vx:7 vy:0
[ INFO] 2026-09-03 14:31:29.291 [Thread-3] GameCharacter x:225 y:240 vx:5 vy:0
[ INFO] 2026-09-03 14:31:29.391 [Thread-3] GameCharacter x:195 y:240 vx:5 vy:0
[ INFO] 2026-09-03 14:31:29.494 [Thread-3] GameCharacter x:165 y:240 vx:5 vy:0
[ INFO] 2026-09-03 14:31:29.596 [Thread-3] GameCharacter x:394 y:251 vx:7 vy:0
[ INFO] 2026-09-03 14:31:29.596 [Thread-3] GameCharacter x:135 y:240 vx:5 vy:0
[ INFO] 2026-09-03 14:31:29.696 [Thread-3] GameCharacter x:443 y:251 vx:7 vy:0
[ INFO] 2026-09-03 14:31:29.697 [Thread-3] GameCharacter x:100 y:240 vx:5 vy:0
[ INFO] 2026-09-03 14:31:29.798 [Thread-3] GameCharacter x:485 y:251 vx:7 vy:0
[ INFO] 2026-09-03 14:31:29.798 [Thread-3] GameCharacter x:70 y:240 vx:5 vy:0
[ INFO] 2026-09-03 14:31:29.900 [Thread-3] GameCharacter x:527 y:251 vx:7 vy:0
[ INFO] 2026-09-03 14:31:29.900 [Thread-3] GameCharacter x:40 y:240 vx:5 vy:0
[ INFO] 2026-09-03 14:31:30.002 [Thread-3] GameCharacter x:569 y:251 vx:7 vy:0
[ INFO] 2026-09-03 14:31:30.002 [Thread-3] GameCharacter x:10 y:240 vx:5 vy:0
[DEBUG] 2026-09-03 14:31:30.048 [Thread-4] GameCharacter Character collided with the left game boundary at x=0
[DEBUG] 2026-09-03 14:31:30.065 [Thread-4] GameCharacter Character collided with the left game boundary at x=-5
[DEBUG] 2026-09-03 14:31:30.082 [Thread-4] GameCharacter Character collided with the left game boundary at x=-5
[DEBUG] 2026-09-03 14:31:30.100 [Thread-4] GameCharacter Character collided with the left game boundary at x=-5
[ INFO] 2026-09-03 14:31:30.103 [Thread-3] GameCharacter x:611 y:251 vx:7 vy:0
[ INFO] 2026-09-03 14:31:30.103 [Thread-3] GameCharacter x:-5 y:240 vx:5 vy:0
[DEBUG] 2026-09-03 14:31:30.117 [Thread-4] GameCharacter Character collided with the left game boundary at x=-5
[DEBUG] 2026-09-03 14:31:30.134 [Thread-4] GameCharacter Character collided with the left game boundary at x=-5
[DEBUG] 2026-09-03 14:31:30.150 [Thread-4] GameCharacter Character collided with the left game boundary at x=-5
[DEBUG] 2026-09-03 14:31:30.167 [Thread-4] GameCharacter Character collided with the left game boundary at x=-5
[DEBUG] 2026-09-03 14:31:30.184 [Thread-4] GameCharacter Character collided with the left game boundary at x=-5
[DEBUG] 2026-09-03 14:31:30.201 [Thread-4] GameCharacter Character collided with the left game boundary at x=-5
[ INFO] 2026-09-03 14:31:30.204 [Thread-3] GameCharacter x:653 y:251 vx:7 vy:0
[ INFO] 2026-09-03 14:31:30.204 [Thread-3] GameCharacter x:-5 y:240 vx:5 vy:0
[DEBUG] 2026-09-03 14:31:30.218 [Thread-4] GameCharacter Character collided with the left game boundary at x=-5
[DEBUG] 2026-09-03 14:31:30.234 [Thread-4] GameCharacter Character collided with the left game boundary at x=-5
[DEBUG] 2026-09-03 14:31:30.251 [Thread-4] GameCharacter Character collided with the left game boundary at x=-5
[DEBUG] 2026-09-03 14:31:30.269 [Thread-4] GameCharacter Character collided with the left game boundary at x=-5
[DEBUG] 2026-09-03 14:31:30.285 [Thread-4] GameCharacter Character collided with the left game boundary at x=-5
[DEBUG] 2026-09-03 14:31:30.303 [Thread-4] GameCharacter Character collided with the left game boundary at x=-5
[ INFO] 2026-09-03 14:31:30.305 [Thread-3] GameCharacter x:695 y:251 vx:7 vy:0
[ INFO] 2026-09-03 14:31:30.305 [Thread-3] GameCharacter x:-5 y:240 vx:5 vy:0
[DEBUG] 2026-09-03 14:31:30.319 [Thread-4] GameCharacter Character collided with the left game boundary at x=-5
[DEBUG] 2026-09-03 14:31:30.336 [Thread-4] GameCharacter Character collided with the left game boundary at x=-5
[DEBUG] 2026-09-03 14:31:30.354 [Thread-4] GameCharacter Character collided with the left game boundary at x=-5
[DEBUG] 2026-09-03 14:31:30.371 [Thread-4] GameCharacter Character collided with the left game boundary at x=-5
[DEBUG] 2026-09-03 14:31:30.387 [Thread-4] GameCharacter Character collided with the left game boundary at x=-5
[DEBUG] 2026-09-03 14:31:30.404 [Thread-4] GameCharacter Character collided with the left game boundary at x=-5
[ INFO] 2026-09-03 14:31:30.406 [Thread-3] GameCharacter x:737 y:251 vx:7 vy:0
[ INFO] 2026-09-03 14:31:30.406 [Thread-3] GameCharacter x:-5 y:240 vx:5 vy:0
[DEBUG] 2026-09-03 14:31:30.422 [Thread-4] GameCharacter Character collided with the left game boundary at x=-5
[DEBUG] 2026-09-03 14:31:30.439 [Thread-4] GameCharacter Character collided with the left game boundary at x=-5
[DEBUG] 2026-09-03 14:31:30.456 [Thread-4] GameCharacter Character collided with the left game boundary at x=-5
[DEBUG] 2026-09-03 14:31:30.473 [Thread-4] GameCharacter Character collided with the left game boundary at x=-5
[DEBUG] 2026-09-03 14:31:30.490 [Thread-4] GameCharacter Character collided with the left game boundary at x=-5
[ INFO] 2026-09-03 14:31:30.507 [Thread-3] GameCharacter x:772 y:251 vx:7 vy:0
[DEBUG] 2026-09-03 14:31:30.507 [Thread-4] GameCharacter Character collided with the right game boundary at x=772
[ INFO] 2026-09-03 14:31:30.507 [Thread-3] GameCharacter x:-5 y:240 vx:5 vy:0
[DEBUG] 2026-09-03 14:31:30.507 [Thread-4] GameCharacter Character collided with the left game boundary at x=-5
[DEBUG] 2026-09-03 14:31:30.525 [Thread-4] GameCharacter Character collided with the right game boundary at x=775
[DEBUG] 2026-09-03 14:31:30.525 [Thread-4] GameCharacter Character collided with the left game boundary at x=-5
[DEBUG] 2026-09-03 14:31:30.542 [Thread-4] GameCharacter Character collided with the right game boundary at x=775
[DEBUG] 2026-09-03 14:31:30.542 [Thread-4] GameCharacter Character collided with the left game boundary at x=-5
[DEBUG] 2026-09-03 14:31:30.559 [Thread-4] GameCharacter Character collided with the right game boundary at x=775
[DEBUG] 2026-09-03 14:31:30.559 [Thread-4] GameCharacter Character collided with the left game boundary at x=-5
[DEBUG] 2026-09-03 14:31:30.577 [Thread-4] GameCharacter Character collided with the right game boundary at x=775
[DEBUG] 2026-09-03 14:31:30.577 [Thread-4] GameCharacter Character collided with the left game boundary at x=-5
[DEBUG] 2026-09-03 14:31:30.593 [Thread-4] GameCharacter Character collided with the right game boundary at x=775
[DEBUG] 2026-09-03 14:31:30.593 [Thread-4] GameCharacter Character collided with the left game boundary at x=-5
[ INFO] 2026-09-03 14:31:30.610 [Thread-3] GameCharacter x:775 y:251 vx:7 vy:0
[ INFO] 2026-09-03 14:31:30.610 [Thread-3] GameCharacter x:-5 y:240 vx:5 vy:0
[DEBUG] 2026-09-03 14:31:30.611 [Thread-4] GameCharacter Character collided with the right game boundary at x=775
[DEBUG] 2026-09-03 14:31:30.611 [Thread-4] GameCharacter Character collided with the left game boundary at x=-5
[DEBUG] 2026-09-03 14:31:30.627 [Thread-4] GameCharacter Character collided with the right game boundary at x=775
[DEBUG] 2026-09-03 14:31:30.627 [Thread-4] GameCharacter Character collided with the left game boundary at x=-5
[DEBUG] 2026-09-03 14:31:30.644 [Thread-4] GameCharacter Character collided with the right game boundary at x=775
[DEBUG] 2026-09-03 14:31:30.644 [Thread-4] GameCharacter Character collided with the left game boundary at x=-5
[DEBUG] 2026-09-03 14:31:30.661 [Thread-4] GameCharacter Character collided with the right game boundary at x=775
[DEBUG] 2026-09-03 14:31:30.661 [Thread-4] GameCharacter Character collided with the left game boundary at x=-5
[DEBUG] 2026-09-03 14:31:30.678 [Thread-4] GameCharacter Character collided with the right game boundary at x=775
[DEBUG] 2026-09-03 14:31:30.678 [Thread-4] GameCharacter Character collided with the left game boundary at x=-5
[DEBUG] 2026-09-03 14:31:30.695 [Thread-4] GameCharacter Character collided with the right game boundary at x=775
[DEBUG] 2026-09-03 14:31:30.695 [Thread-4] GameCharacter Character collided with the left game boundary at x=-5
[DEBUG] 2026-09-03 14:31:30.712 [Thread-4] GameCharacter Character collided with the right game boundary at x=775
[ INFO] 2026-09-03 14:31:30.712 [Thread-3] GameCharacter x:775 y:251 vx:7 vy:0
[DEBUG] 2026-09-03 14:31:30.712 [Thread-4] GameCharacter Character collided with the left game boundary at x=-5
[ INFO] 2026-09-03 14:31:30.712 [Thread-3] GameCharacter x:-5 y:240 vx:5 vy:0
[DEBUG] 2026-09-03 14:31:30.729 [Thread-4] GameCharacter Character collided with the right game boundary at x=775
[DEBUG] 2026-09-03 14:31:30.729 [Thread-4] GameCharacter Character collided with the left game boundary at x=-5
[DEBUG] 2026-09-03 14:31:30.747 [Thread-4] GameCharacter Character collided with the right game boundary at x=775
[DEBUG] 2026-09-03 14:31:30.747 [Thread-4] GameCharacter Character collided with the left game boundary at x=-5
[DEBUG] 2026-09-03 14:31:30.764 [Thread-4] GameCharacter Character collided with the right game boundary at x=775
[DEBUG] 2026-09-03 14:31:30.764 [Thread-4] GameCharacter Character collided with the left game boundary at x=-5
[DEBUG] 2026-09-03 14:31:30.782 [Thread-4] GameCharacter Character collided with the right game boundary at x=775
[DEBUG] 2026-09-03 14:31:30.782 [Thread-4] GameCharacter Character collided with the left game boundary at x=-5
[DEBUG] 2026-09-03 14:31:30.798 [Thread-4] GameCharacter Character collided with the right game boundary at x=775
[DEBUG] 2026-09-03 14:31:30.798 [Thread-4] GameCharacter Character collided with the left game boundary at x=-5
[ INFO] 2026-09-03 14:31:30.813 [Thread-3] GameCharacter x:775 y:251 vx:7 vy:0
[ INFO] 2026-09-03 14:31:30.813 [Thread-3] GameCharacter x:-5 y:240 vx:5 vy:0
[DEBUG] 2026-09-03 14:31:30.816 [Thread-4] GameCharacter Character collided with the right game boundary at x=775
[DEBUG] 2026-09-03 14:31:30.816 [Thread-4] GameCharacter Character collided with the left game boundary at x=-5
[DEBUG] 2026-09-03 14:31:30.832 [Thread-4] GameCharacter Character collided with the right game boundary at x=775
[DEBUG] 2026-09-03 14:31:30.832 [Thread-4] GameCharacter Character collided with the left game boundary at x=-5
[DEBUG] 2026-09-03 14:31:30.850 [Thread-4] GameCharacter Character collided with the right game boundary at x=775
[DEBUG] 2026-09-03 14:31:30.850 [Thread-4] GameCharacter Character collided with the left game boundary at x=-5
[DEBUG] 2026-09-03 14:31:30.866 [Thread-4] GameCharacter Character collided with the right game boundary at x=775
[DEBUG] 2026-09-03 14:31:30.866 [Thread-4] GameCharacter Character collided with the left game boundary at x=-5
[DEBUG] 2026-09-03 14:31:30.883 [Thread-4] GameCharacter Character collided with the right game boundary at x=775
[DEBUG] 2026-09-03 14:31:30.883 [Thread-4] GameCharacter Character collided with the left game boundary at x=-5
[DEBUG] 2026-09-03 14:31:30.899 [Thread-4] GameCharacter Character collided with the right game boundary at x=775
[DEBUG] 2026-09-03 14:31:30.899 [Thread-4] GameCharacter Character collided with the left game boundary at x=-5
[ INFO] 2026-09-03 14:31:30.914 [Thread-3] GameCharacter x:775 y:251 vx:7 vy:0
[ INFO] 2026-09-03 14:31:30.914 [Thread-3] GameCharacter x:-5 y:240 vx:5 vy:0
[DEBUG] 2026-09-03 14:31:30.917 [Thread-4] GameCharacter Character collided with the right game boundary at x=775
[DEBUG] 2026-09-03 14:31:30.917 [Thread-4] GameCharacter Character collided with the left game boundary at x=-5
[DEBUG] 2026-09-03 14:31:30.934 [Thread-4] GameCharacter Character collided with the right game boundary at x=775
[DEBUG] 2026-09-03 14:31:30.934 [Thread-4] GameCharacter Character collided with the left game boundary at x=-5
[DEBUG] 2026-09-03 14:31:30.951 [Thread-4] GameCharacter Character collided with the right game boundary at x=775
[DEBUG] 2026-09-03 14:31:30.951 [Thread-4] GameCharacter Character collided with the left game boundary at x=-5
[DEBUG] 2026-09-03 14:31:30.969 [Thread-4] GameCharacter Character collided with the right game boundary at x=775
[DEBUG] 2026-09-03 14:31:30.969 [Thread-4] GameCharacter Character collided with the left game boundary at x=-5
[DEBUG] 2026-09-03 14:31:30.986 [Thread-4] GameCharacter Character collided with the right game boundary at x=775
[DEBUG] 2026-09-03 14:31:30.986 [Thread-4] GameCharacter Character collided with the left game boundary at x=-5
[DEBUG] 2026-09-03 14:31:31.004 [Thread-4] GameCharacter Character collided with the right game boundary at x=775
[DEBUG] 2026-09-03 14:31:31.004 [Thread-4] GameCharacter Character collided with the left game boundary at x=-5
[ INFO] 2026-09-03 14:31:31.016 [Thread-3] GameCharacter x:775 y:251 vx:7 vy:0
[ INFO] 2026-09-03 14:31:31.016 [Thread-3] GameCharacter x:-5 y:240 vx:5 vy:0
[DEBUG] 2026-09-03 14:31:31.021 [Thread-4] GameCharacter Character collided with the right game boundary at x=775
[DEBUG] 2026-09-03 14:31:31.021 [Thread-4] GameCharacter Character collided with the left game boundary at x=-5
[DEBUG] 2026-09-03 14:31:31.038 [Thread-4] GameCharacter Character collided with the right game boundary at x=775
[DEBUG] 2026-09-03 14:31:31.038 [Thread-4] GameCharacter Character collided with the left game boundary at x=-5
[DEBUG] 2026-09-03 14:31:31.054 [Thread-4] GameCharacter Character collided with the right game boundary at x=775
[DEBUG] 2026-09-03 14:31:31.054 [Thread-4] GameCharacter Character collided with the left game boundary at x=-5
[DEBUG] 2026-09-03 14:31:31.071 [Thread-4] GameCharacter Character collided with the right game boundary at x=775
[DEBUG] 2026-09-03 14:31:31.071 [Thread-4] GameCharacter Character collided with the left game boundary at x=-5
[DEBUG] 2026-09-03 14:31:31.089 [Thread-4] GameCharacter Character collided with the right game boundary at x=775
[DEBUG] 2026-09-03 14:31:31.089 [Thread-4] GameCharacter Character collided with the left game boundary at x=-5
[DEBUG] 2026-09-03 14:31:31.106 [Thread-4] GameCharacter Character collided with the right game boundary at x=775
[DEBUG] 2026-09-03 14:31:31.106 [Thread-4] GameCharacter Character collided with the left game boundary at x=-5
[DEBUG] 2026-09-03 14:31:31.123 [Thread-4] GameCharacter Character collided with the right game boundary at x=775
[DEBUG] 2026-09-03 14:31:31.123 [Thread-4] GameCharacter Character collided with the left game boundary at x=-5
[DEBUG] 2026-09-03 14:31:31.140 [Thread-4] GameCharacter Character collided with the right game boundary at x=768
[DEBUG] 2026-09-03 14:31:31.140 [Thread-4] GameCharacter Character collided with the left game boundary at x=0
[DEBUG] 2026-09-03 14:31:31.157 [Thread-4] GameCharacter Character collided with the right game boundary at x=768
[DEBUG] 2026-09-03 14:31:31.157 [Thread-4] GameCharacter Character collided with the left game boundary at x=0
[DEBUG] 2026-09-03 14:31:31.174 [Thread-4] GameCharacter Character collided with the right game boundary at x=768
[DEBUG] 2026-09-03 14:31:31.175 [Thread-4] GameCharacter Character collided with the left game boundary at x=0
[DEBUG] 2026-09-03 14:31:31.192 [Thread-4] GameCharacter Character collided with the right game boundary at x=768
[DEBUG] 2026-09-03 14:31:31.192 [Thread-4] GameCharacter Character collided with the left game boundary at x=0
[DEBUG] 2026-09-03 14:31:31.209 [Thread-4] GameCharacter Character collided with the right game boundary at x=768
[DEBUG] 2026-09-03 14:31:31.209 [Thread-4] GameCharacter Character collided with the left game boundary at x=0
[DEBUG] 2026-09-03 14:31:31.226 [Thread-4] GameCharacter Character collided with the right game boundary at x=768
[DEBUG] 2026-09-03 14:31:31.226 [Thread-4] GameCharacter Character collided with the left game boundary at x=0
[DEBUG] 2026-09-03 14:31:31.242 [Thread-4] GameCharacter Character collided with the right game boundary at x=768
[DEBUG] 2026-09-03 14:31:31.242 [Thread-4] GameCharacter Character collided with the left game boundary at x=0
[DEBUG] 2026-09-03 14:31:31.260 [Thread-4] GameCharacter Character collided with the right game boundary at x=768
[DEBUG] 2026-09-03 14:31:31.260 [Thread-4] GameCharacter Character collided with the left game boundary at x=0
[DEBUG] 2026-09-03 14:31:31.277 [Thread-4] GameCharacter Character collided with the right game boundary at x=768
[DEBUG] 2026-09-03 14:31:31.277 [Thread-4] GameCharacter Character collided with the left game boundary at x=0
[DEBUG] 2026-09-03 14:31:31.294 [Thread-4] GameCharacter Character collided with the right game boundary at x=768
[DEBUG] 2026-09-03 14:31:31.295 [Thread-4] GameCharacter Character collided with the left game boundary at x=0
[DEBUG] 2026-09-03 14:31:31.311 [Thread-4] GameCharacter Character collided with the right game boundary at x=768
[DEBUG] 2026-09-03 14:31:31.311 [Thread-4] GameCharacter Character collided with the left game boundary at x=0
[ INFO] 2026-09-03 14:31:31.318 [Thread-3] GameCharacter x:768 y:251 vx:7 vy:0
[ INFO] 2026-09-03 14:31:31.318 [Thread-3] GameCharacter x:0 y:240 vx:5 vy:0
[DEBUG] 2026-09-03 14:31:31.328 [Thread-4] GameCharacter Character collided with the right game boundary at x=768
[DEBUG] 2026-09-03 14:31:31.328 [Thread-4] GameCharacter Character collided with the left game boundary at x=0
[ INFO] 2026-09-03 14:31:31.419 [Thread-3] GameCharacter x:726 y:251 vx:7 vy:0
[ INFO] 2026-09-03 14:31:31.419 [Thread-3] GameCharacter x:30 y:240 vx:5 vy:0
[ INFO] 2026-09-03 14:31:31.520 [Thread-3] GameCharacter x:684 y:251 vx:7 vy:0
[ INFO] 2026-09-03 14:31:31.520 [Thread-3] GameCharacter x:60 y:240 vx:5 vy:0
[ INFO] 2026-09-03 14:31:31.621 [Thread-3] GameCharacter x:642 y:251 vx:7 vy:0
[ INFO] 2026-09-03 14:31:31.621 [Thread-3] GameCharacter x:90 y:240 vx:5 vy:0
[ INFO] 2026-09-03 14:31:31.724 [Thread-3] GameCharacter x:600 y:251 vx:7 vy:0
[ INFO] 2026-09-03 14:31:31.724 [Thread-3] GameCharacter x:120 y:240 vx:5 vy:0
[ INFO] 2026-09-03 14:31:31.825 [Thread-3] GameCharacter x:558 y:251 vx:7 vy:0
[ INFO] 2026-09-03 14:31:31.825 [Thread-3] GameCharacter x:150 y:240 vx:5 vy:0
[ INFO] 2026-09-03 14:31:31.928 [Thread-3] GameCharacter x:509 y:251 vx:7 vy:0
[ INFO] 2026-09-03 14:31:31.928 [Thread-3] GameCharacter x:185 y:240 vx:5 vy:0
[ INFO] 2026-09-03 14:31:32.029 [Thread-3] GameCharacter x:467 y:251 vx:7 vy:0
[ INFO] Thu 2026-09-03 14:47:44.467 [Thread-3] GameCharacter trace:131 x:300 y:240 vx:0 vy:0
[ INFO] Thu 2026-09-03 14:47:44.572 [Thread-3] GameCharacter trace:131 x:320 y:240 vx:5 vy:0
[ INFO] Thu 2026-09-03 14:47:44.775 [Thread-3] GameCharacter trace:131 x:350 y:240 vx:5 vy:0
[ INFO] Thu 2026-09-03 14:47:44.878 [Thread-3] GameCharacter trace:131 x:380 y:240 vx:5 vy:0
[ INFO] Thu 2026-09-03 14:47:44.979 [Thread-3] GameCharacter trace:131 x:410 y:240 vx:5 vy:0
[ INFO] Thu 2026-09-03 14:47:45.081 [Thread-3] GameCharacter trace:131 x:440 y:240 vx:5 vy:0
[ INFO] Thu 2026-09-03 14:47:45.182 [Thread-3] GameCharacter trace:131 x:410 y:240 vx:5 vy:0
[ INFO] Thu 2026-09-03 14:47:45.283 [Thread-3] GameCharacter trace:131 x:380 y:240 vx:5 vy:0
[ INFO] Thu 2026-09-03 14:47:45.385 [Thread-3] GameCharacter trace:131 x:350 y:240 vx:5 vy:0
[ INFO] Thu 2026-09-03 14:47:45.587 [Thread-3] GameCharacter trace:131 x:320 y:240 vx:5 vy:0
[ INFO] Thu 2026-09-03 14:47:45.689 [Thread-3] GameCharacter trace:131 x:350 y:240 vx:5 vy:0
[ INFO] Thu 2026-09-03 14:47:45.791 [Thread-3] GameCharacter trace:131 x:385 y:240 vx:5 vy:0
[ INFO] Thu 2026-09-03 14:47:45.892 [Thread-3] GameCharacter trace:131 x:415 y:240 vx:5 vy:0
[ INFO] Thu 2026-09-03 14:47:45.994 [Thread-3] GameCharacter trace:131 x:445 y:240 vx:5 vy:0
[ INFO] Thu 2026-09-03 14:47:46.096 [Thread-3] GameCharacter trace:131 x:475 y:240 vx:5 vy:0
[ INFO] Thu 2026-09-03 14:47:46.198 [Thread-3] GameCharacter trace:131 x:505 y:240 vx:5 vy:0
[ INFO] Thu 2026-09-03 14:47:46.299 [Thread-3] GameCharacter trace:131 x:535 y:240 vx:5 vy:0
[ INFO] Thu 2026-09-03 14:47:46.403 [Thread-3] GameCharacter trace:131 x:565 y:240 vx:5 vy:0
[ INFO] Thu 2026-09-03 14:47:46.505 [Thread-3] GameCharacter trace:131 x:595 y:240 vx:5 vy:0
[ INFO] Thu 2026-09-03 14:47:46.607 [Thread-3] GameCharacter trace:131 x:625 y:240 vx:5 vy:0
[ INFO] Thu 2026-09-03 14:47:46.708 [Thread-3] GameCharacter trace:131 x:660 y:240 vx:5 vy:0
[ INFO] Thu 2026-09-03 14:47:46.811 [Thread-3] GameCharacter trace:131 x:690 y:240 vx:5 vy:0
[ INFO] Thu 2026-09-03 14:47:46.912 [Thread-3] GameCharacter trace:131 x:720 y:240 vx:5 vy:0
[DEBUG] Thu 2026-09-03 14:47:46.978 [Thread-4] GameCharacter checkReachGameWall:97 Character collided with the right game boundary at x=735
[DEBUG] Thu 2026-09-03 14:47:46.996 [Thread-4] GameCharacter checkReachGameWall:97 Character collided with the right game boundary at x=738
[DEBUG] Thu 2026-09-03 14:47:47.013 [Thread-4] GameCharacter checkReachGameWall:97 Character collided with the right game boundary at x=738
[DEBUG] Thu 2026-09-03 14:47:47.030 [Thread-4] GameCharacter checkReachGameWall:97 Character collided with the right game boundary at x=733
[DEBUG] Thu 2026-09-03 14:47:47.048 [Thread-4] GameCharacter checkReachGameWall:97 Character collided with the right game boundary at x=733
[DEBUG] Thu 2026-09-03 14:47:47.066 [Thread-4] GameCharacter checkReachGameWall:97 Character collided with the right game boundary at x=733
[DEBUG] Thu 2026-09-03 14:47:47.083 [Thread-4] GameCharacter checkReachGameWall:97 Character collided with the right game boundary at x=733
[DEBUG] Thu 2026-09-03 14:47:47.102 [Thread-4] GameCharacter checkReachGameWall:97 Character collided with the right game boundary at x=733
[DEBUG] Thu 2026-09-03 14:47:47.119 [Thread-4] GameCharacter checkReachGameWall:97 Character collided with the right game boundary at x=733
[DEBUG] Thu 2026-09-03 14:47:47.138 [Thread-4] GameCharacter checkReachGameWall:97 Character collided with the right game boundary at x=733
[DEBUG] Thu 2026-09-03 14:47:47.154 [Thread-4] GameCharacter checkReachGameWall:97 Character collided with the right game boundary at x=733
[DEBUG] Thu 2026-09-03 14:47:47.172 [Thread-4] GameCharacter checkReachGameWall:97 Character collided with the right game boundary at x=733
[DEBUG] Thu 2026-09-03 14:47:47.189 [Thread-4] GameCharacter checkReachGameWall:97 Character collided with the right game boundary at x=733
[DEBUG] Thu 2026-09-03 14:47:47.206 [Thread-4] GameCharacter checkReachGameWall:97 Character collided with the right game boundary at x=733
[DEBUG] Thu 2026-09-03 14:47:47.224 [Thread-4] GameCharacter checkReachGameWall:97 Character collided with the right game boundary at x=733
[DEBUG] Thu 2026-09-03 14:47:47.241 [Thread-4] GameCharacter checkReachGameWall:97 Character collided with the right game boundary at x=733
[DEBUG] Thu 2026-09-03 14:47:47.258 [Thread-4] GameCharacter checkReachGameWall:97 Character collided with the right game boundary at x=733
[DEBUG] Thu 2026-09-03 14:47:47.275 [Thread-4] GameCharacter checkReachGameWall:97 Character collided with the right game boundary at x=733
[DEBUG] Thu 2026-09-03 14:47:47.292 [Thread-4] GameCharacter checkReachGameWall:97 Character collided with the right game boundary at x=733
[DEBUG] Thu 2026-09-03 14:47:47.311 [Thread-4] GameCharacter checkReachGameWall:97 Character collided with the right game boundary at x=733
[DEBUG] Thu 2026-09-03 14:47:47.328 [Thread-4] GameCharacter checkReachGameWall:97 Character collided with the right game boundary at x=733
[DEBUG] Thu 2026-09-03 14:47:47.345 [Thread-4] GameCharacter checkReachGameWall:97 Character collided with the right game boundary at x=733
[DEBUG] Thu 2026-09-03 14:47:47.363 [Thread-4] GameCharacter checkReachGameWall:97 Character collided with the right game boundary at x=733
[DEBUG] Thu 2026-09-03 14:47:47.380 [Thread-4] GameCharacter checkReachGameWall:97 Character collided with the right game boundary at x=733
[DEBUG] Thu 2026-09-03 14:47:47.396 [Thread-4] GameCharacter checkReachGameWall:97 Character collided with the right game boundary at x=733
[DEBUG] Thu 2026-09-03 14:47:47.414 [Thread-4] GameCharacter checkReachGameWall:97 Character collided with the right game boundary at x=733
[DEBUG] Thu 2026-09-03 14:47:47.431 [Thread-4] GameCharacter checkReachGameWall:97 Character collided with the right game boundary at x=733
[DEBUG] Thu 2026-09-03 14:47:47.448 [Thread-4] GameCharacter checkReachGameWall:97 Character collided with the right game boundary at x=733
[DEBUG] Thu 2026-09-03 14:47:47.466 [Thread-4] GameCharacter checkReachGameWall:97 Character collided with the right game boundary at x=733
[DEBUG] Thu 2026-09-03 14:47:47.484 [Thread-4] GameCharacter checkReachGameWall:97 Character collided with the right game boundary at x=733
[DEBUG] Thu 2026-09-03 14:47:47.501 [Thread-4] GameCharacter checkReachGameWall:97 Character collided with the right game boundary at x=733
[DEBUG] Thu 2026-09-03 14:47:47.519 [Thread-4] GameCharacter checkReachGameWall:97 Character collided with the right game boundary at x=733
[DEBUG] Thu 2026-09-03 14:47:47.536 [Thread-4] GameCharacter checkReachGameWall:97 Character collided with the right game boundary at x=733
[DEBUG] Thu 2026-09-03 14:47:47.555 [Thread-4] GameCharacter checkReachGameWall:97 Character collided with the right game boundary at x=733
[DEBUG] Thu 2026-09-03 14:47:47.574 [Thread-4] GameCharacter checkReachGameWall:97 Character collided with the right game boundary at x=733
[DEBUG] Thu 2026-09-03 14:47:47.592 [Thread-4] GameCharacter checkReachGameWall:97 Character collided with the right game boundary at x=733
[DEBUG] Thu 2026-09-03 14:47:47.609 [Thread-4] GameCharacter checkReachGameWall:97 Character collided with the right game boundary at x=733
[DEBUG] Thu 2026-09-03 14:47:47.625 [Thread-4] GameCharacter checkReachGameWall:97 Character collided with the right game boundary at x=733
[DEBUG] Thu 2026-09-03 14:47:47.642 [Thread-4] GameCharacter checkReachGameWall:97 Character collided with the right game boundary at x=733
[DEBUG] Thu 2026-09-03 14:47:47.660 [Thread-4] GameCharacter checkReachGameWall:97 Character collided with the right game boundary at x=733
[DEBUG] Thu 2026-09-03 14:47:47.677 [Thread-4] GameCharacter checkReachGameWall:97 Character collided with the right game boundary at x=733
[DEBUG] Thu 2026-09-03 14:47:47.695 [Thread-4] GameCharacter checkReachGameWall:97 Character collided with the right game boundary at x=733
[DEBUG] Thu 2026-09-03 14:47:47.712 [Thread-4] GameCharacter checkReachGameWall:97 Character collided with the right game boundary at x=733
[DEBUG] Thu 2026-09-03 14:47:47.731 [Thread-4] GameCharacter checkReachGameWall:97 Character collided with the right game boundary at x=733
[DEBUG] Thu 2026-09-03 14:47:47.747 [Thread-4] GameCharacter checkReachGameWall:97 Character collided with the right game boundary at x=733
[DEBUG] Thu 2026-09-03 14:47:47.764 [Thread-4] GameCharacter checkReachGameWall:97 Character collided with the right game boundary at x=733
[DEBUG] Thu 2026-09-03 14:47:47.783 [Thread-4] GameCharacter checkReachGameWall:97 Character collided with the right game boundary at x=733
[DEBUG] Thu 2026-09-03 14:47:47.800 [Thread-4] GameCharacter checkReachGameWall:97 Character collided with the right game boundary at x=733
[DEBUG] Thu 2026-09-03 14:47:47.817 [Thread-4] GameCharacter checkReachGameWall:97 Character collided with the right game boundary at x=733
[DEBUG] Thu 2026-09-03 14:47:47.834 [Thread-4] GameCharacter checkReachGameWall:97 Character collided with the right game boundary at x=733
[DEBUG] Thu 2026-09-03 14:47:47.851 [Thread-4] GameCharacter checkReachGameWall:97 Character collided with the right game boundary at x=733
[DEBUG] Thu 2026-09-03 14:47:47.869 [Thread-4] GameCharacter checkReachGameWall:97 Character collided with the right game boundary at x=733
[DEBUG] Thu 2026-09-03 14:47:47.886 [Thread-4] GameCharacter checkReachGameWall:97 Character collided with the right game boundary at x=733
[DEBUG] Thu 2026-09-03 14:47:47.904 [Thread-4] GameCharacter checkReachGameWall:97 Character collided with the right game boundary at x=733
[DEBUG] Thu 2026-09-03 14:47:47.921 [Thread-4] GameCharacter checkReachGameWall:97 Character collided with the right game boundary at x=733
[DEBUG] Thu 2026-09-03 14:47:47.938 [Thread-4] GameCharacter checkReachGameWall:97 Character collided with the right game boundary at x=733
[DEBUG] Thu 2026-09-03 14:47:47.955 [Thread-4] GameCharacter checkReachGameWall:97 Character collided with the right game boundary at x=733
[DEBUG] Thu 2026-09-03 14:47:47.973 [Thread-4] GameCharacter checkReachGameWall:97 Character collided with the right game boundary at x=733
[DEBUG] Thu 2026-09-03 14:47:47.991 [Thread-4] GameCharacter checkReachGameWall:97 Character collided with the right game boundary at x=733
[DEBUG] Thu 2026-09-03 14:47:48.008 [Thread-4] GameCharacter checkReachGameWall:97 Character collided with the right game boundary at x=733
[DEBUG] Thu 2026-09-03 14:47:48.026 [Thread-4] GameCharacter checkReachGameWall:97 Character collided with the right game boundary at x=733
[DEBUG] Thu 2026-09-03 14:47:48.044 [Thread-4] GameCharacter checkReachGameWall:97 Character collided with the right game boundary at x=733
[DEBUG] Thu 2026-09-03 14:47:48.061 [Thread-4] GameCharacter checkReachGameWall:97 Character collided with the right game boundary at x=733
[DEBUG] Thu 2026-09-03 14:47:48.080 [Thread-4] GameCharacter checkReachGameWall:97 Character collided with the right game boundary at x=733
[DEBUG] Thu 2026-09-03 14:47:48.097 [Thread-4] GameCharacter checkReachGameWall:97 Character collided with the right game boundary at x=733
[DEBUG] Thu 2026-09-03 14:47:48.114 [Thread-4] GameCharacter checkReachGameWall:97 Character collided with the right game boundary at x=733
[DEBUG] Thu 2026-09-03 14:47:48.132 [Thread-4] GameCharacter checkReachGameWall:97 Character collided with the right game boundary at x=733
[DEBUG] Thu 2026-09-03 14:47:48.149 [Thread-4] GameCharacter checkReachGameWall:97 Character collided with the right game boundary at x=733
[DEBUG] Thu 2026-09-03 14:47:48.166 [Thread-4] GameCharacter checkReachGameWall:97 Character collided with the right game boundary at x=733
[DEBUG] Thu 2026-09-03 14:47:48.183 [Thread-4] GameCharacter checkReachGameWall:97 Character collided with the right game boundary at x=733
[DEBUG] Thu 2026-09-03 14:47:48.202 [Thread-4] GameCharacter checkReachGameWall:97 Character collided with the right game boundary at x=733
[DEBUG] Thu 2026-09-03 14:47:48.220 [Thread-4] GameCharacter checkReachGameWall:97 Character collided with the right game boundary at x=733
[DEBUG] Thu 2026-09-03 14:47:48.238 [Thread-4] GameCharacter checkReachGameWall:97 Character collided with the right game boundary at x=733
[DEBUG] Thu 2026-09-03 14:47:48.255 [Thread-4] GameCharacter checkReachGameWall:97 Character collided with the right game boundary at x=733
[DEBUG] Thu 2026-09-03 14:47:48.272 [Thread-4] GameCharacter checkReachGameWall:97 Character collided with the right game boundary at x=733
[DEBUG] Thu 2026-09-03 14:47:48.290 [Thread-4] GameCharacter checkReachGameWall:97 Character collided with the right game boundary at x=733
[DEBUG] Thu 2026-09-03 14:47:48.307 [Thread-4] GameCharacter checkReachGameWall:97 Character collided with the right game boundary at x=733
[DEBUG] Thu 2026-09-03 14:47:48.324 [Thread-4] GameCharacter checkReachGameWall:97 Character collided with the right game boundary at x=733
[DEBUG] Thu 2026-09-03 14:47:48.341 [Thread-4] GameCharacter checkReachGameWall:97 Character collided with the right game boundary at x=733
[DEBUG] Thu 2026-09-03 14:47:48.358 [Thread-4] GameCharacter checkReachGameWall:97 Character collided with the right game boundary at x=733
[DEBUG] Thu 2026-09-03 14:47:48.376 [Thread-4] GameCharacter checkReachGameWall:97 Character collided with the right game boundary at x=733
[DEBUG] Thu 2026-09-03 14:47:48.392 [Thread-4] GameCharacter checkReachGameWall:97 Character collided with the right game boundary at x=733
[DEBUG] Thu 2026-09-03 14:47:48.409 [Thread-4] GameCharacter checkReachGameWall:97 Character collided with the right game boundary at x=733
[DEBUG] Thu 2026-09-03 14:47:48.426 [Thread-4] GameCharacter checkReachGameWall:97 Character collided with the right game boundary at x=733
[DEBUG] Thu 2026-09-03 14:47:48.444 [Thread-4] GameCharacter checkReachGameWall:97 Character collided with the right game boundary at x=733
[DEBUG] Thu 2026-09-03 14:47:48.462 [Thread-4] GameCharacter checkReachGameWall:97 Character collided with the right game boundary at x=733
[DEBUG] Thu 2026-09-03 14:47:48.479 [Thread-4] GameCharacter checkReachGameWall:97 Character collided with the right game boundary at x=733
[DEBUG] Thu 2026-09-03 14:47:48.496 [Thread-4] GameCharacter checkReachGameWall:97 Character collided with the right game boundary at x=733
[DEBUG] Thu 2026-09-03 14:47:48.513 [Thread-4] GameCharacter checkReachGameWall:97 Character collided with the right game boundary at x=733
[DEBUG] Thu 2026-09-03 14:47:48.529 [Thread-4] GameCharacter checkReachGameWall:97 Character collided with the right game boundary at x=733
[DEBUG] Thu 2026-09-03 14:47:48.546 [Thread-4] GameCharacter checkReachGameWall:97 Character collided with the right game boundary at x=733
[DEBUG] Thu 2026-09-03 14:47:48.563 [Thread-4] GameCharacter checkReachGameWall:97 Character collided with the right game boundary at x=733
[DEBUG] Thu 2026-09-03 14:47:48.580 [Thread-4] GameCharacter checkReachGameWall:97 Character collided with the right game boundary at x=733
[DEBUG] Thu 2026-09-03 14:47:48.597 [Thread-4] GameCharacter checkReachGameWall:97 Character collided with the right game boundary at x=733
[DEBUG] Thu 2026-09-03 14:47:48.614 [Thread-4] GameCharacter checkReachGameWall:97 Character collided with the right game boundary at x=733
[DEBUG] Thu 2026-09-03 14:47:48.631 [Thread-4] GameCharacter checkReachGameWall:97 Character collided with the right game boundary at x=733
[DEBUG] Thu 2026-09-03 14:47:48.649 [Thread-4] GameCharacter checkReachGameWall:97 Character collided with the right game boundary at x=733
[DEBUG] Thu 2026-09-03 14:47:48.666 [Thread-4] GameCharacter checkReachGameWall:97 Character collided with the right game boundary at x=733
[DEBUG] Thu 2026-09-03 14:47:48.684 [Thread-4] GameCharacter checkReachGameWall:97 Character collided with the right game boundary at x=733
[DEBUG] Thu 2026-09-03 14:47:48.701 [Thread-4] GameCharacter checkReachGameWall:97 Character collided with the right game boundary at x=733
[DEBUG] Thu 2026-09-03 14:47:48.718 [Thread-4] GameCharacter checkReachGameWall:97 Character collided with the right game boundary at x=733
[DEBUG] Thu 2026-09-03 14:47:48.735 [Thread-4] GameCharacter checkReachGameWall:97 Character collided with the right game boundary at x=733
[DEBUG] Thu 2026-09-03 14:47:48.752 [Thread-4] GameCharacter checkReachGameWall:97 Character collided with the right game boundary at x=733
[DEBUG] Thu 2026-09-03 14:47:48.770 [Thread-4] GameCharacter checkReachGameWall:97 Character collided with the right game boundary at x=733
[DEBUG] Thu 2026-09-03 14:47:48.787 [Thread-4] GameCharacter checkReachGameWall:97 Character collided with the right game boundary at x=733
[DEBUG] Thu 2026-09-03 14:47:48.804 [Thread-4] GameCharacter checkReachGameWall:97 Character collided with the right game boundary at x=733
[DEBUG] Thu 2026-09-03 14:47:48.821 [Thread-4] GameCharacter checkReachGameWall:97 Character collided with the right game boundary at x=733
[DEBUG] Thu 2026-09-03 14:47:48.838 [Thread-4] GameCharacter checkReachGameWall:97 Character collided with the right game boundary at x=733
[DEBUG] Thu 2026-09-03 14:47:48.856 [Thread-4] GameCharacter checkReachGameWall:97 Character collided with the right game boundary at x=733
[DEBUG] Thu 2026-09-03 14:47:48.872 [Thread-4] GameCharacter checkReachGameWall:97 Character collided with the right game boundary at x=733
[DEBUG] Thu 2026-09-03 14:47:48.889 [Thread-4] GameCharacter checkReachGameWall:97 Character collided with the right game boundary at x=733
[DEBUG] Thu 2026-09-03 14:47:48.906 [Thread-4] GameCharacter checkReachGameWall:97 Character collided with the right game boundary at x=733
[DEBUG] Thu 2026-09-03 14:47:48.923 [Thread-4] GameCharacter checkReachGameWall:97 Character collided with the right game boundary at x=733
[DEBUG] Thu 2026-09-03 14:47:48.940 [Thread-4] GameCharacter checkReachGameWall:97 Character collided with the right game boundary at x=733
[DEBUG] Thu 2026-09-03 14:47:48.957 [Thread-4] GameCharacter checkReachGameWall:97 Character collided with the right game boundary at x=733
[DEBUG] Thu 2026-09-03 14:47:48.974 [Thread-4] GameCharacter checkReachGameWall:97 Character collided with the right game boundary at x=733
[DEBUG] Thu 2026-09-03 14:47:48.991 [Thread-4] GameCharacter checkReachGameWall:97 Character collided with the right game boundary at x=733
[DEBUG] Thu 2026-09-03 14:47:49.008 [Thread-4] GameCharacter checkReachGameWall:97 Character collided with the right game boundary at x=733
[DEBUG] Thu 2026-09-03 14:47:49.026 [Thread-4] GameCharacter checkReachGameWall:97 Character collided with the right game boundary at x=733
[DEBUG] Thu 2026-09-03 14:47:49.042 [Thread-4] GameCharacter checkReachGameWall:97 Character collided with the right game boundary at x=733
[DEBUG] Thu 2026-09-03 14:47:49.060 [Thread-4] GameCharacter checkReachGameWall:97 Character collided with the right game boundary at x=733
[DEBUG] Thu 2026-09-03 14:47:49.078 [Thread-4] GameCharacter checkReachGameWall:97 Character collided with the right game boundary at x=733
[DEBUG] Thu 2026-09-03 14:47:49.095 [Thread-4] GameCharacter checkReachGameWall:97 Character collided with the right game boundary at x=733
[DEBUG] Thu 2026-09-03 14:47:49.113 [Thread-4] GameCharacter checkReachGameWall:97 Character collided with the right game boundary at x=733
[DEBUG] Thu 2026-09-03 14:47:49.129 [Thread-4] GameCharacter checkReachGameWall:97 Character collided with the right game boundary at x=733
[DEBUG] Thu 2026-09-03 14:47:49.146 [Thread-4] GameCharacter checkReachGameWall:97 Character collided with the right game boundary at x=733
[DEBUG] Thu 2026-09-03 14:47:49.163 [Thread-4] GameCharacter checkReachGameWall:97 Character collided with the right game boundary at x=733
[DEBUG] Thu 2026-09-03 14:47:49.181 [Thread-4] GameCharacter checkReachGameWall:97 Character collided with the right game boundary at x=733
[DEBUG] Thu 2026-09-03 14:47:49.198 [Thread-4] GameCharacter checkReachGameWall:97 Character collided with the right game boundary at x=733
[DEBUG] Thu 2026-09-03 14:47:49.215 [Thread-4] GameCharacter checkReachGameWall:97 Character collided with the right game boundary at x=733
[DEBUG] Thu 2026-09-03 14:47:49.232 [Thread-4] GameCharacter checkReachGameWall:97 Character collided with the right game boundary at x=733
[DEBUG] Thu 2026-09-03 14:47:49.248 [Thread-4] GameCharacter checkReachGameWall:97 Character collided with the right game boundary at x=733
[DEBUG] Thu 2026-09-03 14:47:49.265 [Thread-4] GameCharacter checkReachGameWall:97 Character collided with the right game boundary at x=733
[DEBUG] Thu 2026-09-03 14:47:49.281 [Thread-4] GameCharacter checkReachGameWall:97 Character collided with the right game boundary at x=733
[DEBUG] Thu 2026-09-03 14:47:49.299 [Thread-4] GameCharacter checkReachGameWall:97 Character collided with the right game boundary at x=733
[DEBUG] Thu 2026-09-03 14:47:49.319 [Thread-4] GameCharacter checkReachGameWall:97 Character collided with the right game boundary at x=733
[DEBUG] Thu 2026-09-03 14:47:49.336 [Thread-4] GameCharacter checkReachGameWall:97 Character collided with the right game boundary at x=733
[DEBUG] Thu 2026-09-03 14:47:49.354 [Thread-4] GameCharacter checkReachGameWall:97 Character collided with the right game boundary at x=733
[DEBUG] Thu 2026-09-03 14:47:49.371 [Thread-4] GameCharacter checkReachGameWall:97 Character collided with the right game boundary at x=733
[DEBUG] Thu 2026-09-03 14:47:49.387 [Thread-4] GameCharacter checkReachGameWall:97 Character collided with the right game boundary at x=733
[DEBUG] Thu 2026-09-03 14:47:49.405 [Thread-4] GameCharacter checkReachGameWall:97 Character collided with the right game boundary at x=733
[DEBUG] Thu 2026-09-03 14:47:49.422 [Thread-4] GameCharacter checkReachGameWall:97 Character collided with the right game boundary at x=733
[DEBUG] Thu 2026-09-03 14:47:49.439 [Thread-4] GameCharacter checkReachGameWall:97 Character collided with the right game boundary at x=733
[DEBUG] Thu 2026-09-03 14:47:49.456 [Thread-4] GameCharacter checkReachGameWall:97 Character collided with the right game boundary at x=733
[DEBUG] Thu 2026-09-03 14:47:49.473 [Thread-4] GameCharacter checkReachGameWall:97 Character collided with the right game boundary at x=733
[DEBUG] Thu 2026-09-03 14:47:49.490 [Thread-4] GameCharacter checkReachGameWall:97 Character collided with the right game boundary at x=733
[DEBUG] Thu 2026-09-03 14:47:49.507 [Thread-4] GameCharacter checkReachGameWall:97 Character collided with the right game boundary at x=733
[DEBUG] Thu 2026-09-03 14:47:49.526 [Thread-4] GameCharacter checkReachGameWall:97 Character collided with the right game boundary at x=733
[DEBUG] Thu 2026-09-03 14:47:49.543 [Thread-4] GameCharacter checkReachGameWall:97 Character collided with the right game boundary at x=733
[DEBUG] Thu 2026-09-03 14:47:49.560 [Thread-4] GameCharacter checkReachGameWall:97 Character collided with the right game boundary at x=733
[DEBUG] Thu 2026-09-03 14:47:49.578 [Thread-4] GameCharacter checkReachGameWall:97 Character collided with the right game boundary at x=733
[DEBUG] Thu 2026-09-03 14:47:49.595 [Thread-4] GameCharacter checkReachGameWall:97 Character collided with the right game boundary at x=733
[DEBUG] Thu 2026-09-03 14:47:49.612 [Thread-4] GameCharacter checkReachGameWall:97 Character collided with the right game boundary at x=733
[DEBUG] Thu 2026-09-03 14:47:49.629 [Thread-4] GameCharacter checkReachGameWall:97 Character collided with the right game boundary at x=733
[DEBUG] Thu 2026-09-03 14:47:49.646 [Thread-4] GameCharacter checkReachGameWall:97 Character collided with the right game boundary at x=733
[DEBUG] Thu 2026-09-03 14:47:49.664 [Thread-4] GameCharacter checkReachGameWall:97 Character collided with the right game boundary at x=733
[DEBUG] Thu 2026-09-03 14:47:49.681 [Thread-4] GameCharacter checkReachGameWall:97 Character collided with the right game boundary at x=733
[DEBUG] Thu 2026-09-03 14:47:49.699 [Thread-4] GameCharacter checkReachGameWall:97 Character collided with the right game boundary at x=733
[DEBUG] Thu 2026-09-03 14:47:49.716 [Thread-4] GameCharacter checkReachGameWall:97 Character collided with the right game boundary at x=733
[DEBUG] Thu 2026-09-03 14:47:49.733 [Thread-4] GameCharacter checkReachGameWall:97 Character collided with the right game boundary at x=733
[DEBUG] Thu 2026-09-03 14:47:49.750 [Thread-4] GameCharacter checkReachGameWall:97 Character collided with the right game boundary at x=733
[DEBUG] Thu 2026-09-03 14:47:49.767 [Thread-4] GameCharacter checkReachGameWall:97 Character collided with the right game boundary at x=733
[DEBUG] Thu 2026-09-03 14:47:49.785 [Thread-4] GameCharacter checkReachGameWall:97 Character collided with the right game boundary at x=733
[DEBUG] Thu 2026-09-03 14:47:49.803 [Thread-4] GameCharacter checkReachGameWall:97 Character collided with the right game boundary at x=733
[DEBUG] Thu 2026-09-03 14:47:49.821 [Thread-4] GameCharacter checkReachGameWall:97 Character collided with the right game boundary at x=733
[DEBUG] Thu 2026-09-03 14:47:49.838 [Thread-4] GameCharacter checkReachGameWall:97 Character collided with the right game boundary at x=733
[DEBUG] Thu 2026-09-03 14:47:49.855 [Thread-4] GameCharacter checkReachGameWall:97 Character collided with the right game boundary at x=733
[DEBUG] Thu 2026-09-03 14:47:49.872 [Thread-4] GameCharacter checkReachGameWall:97 Character collided with the right game boundary at x=733
[DEBUG] Thu 2026-09-03 14:47:49.889 [Thread-4] GameCharacter checkReachGameWall:97 Character collided with the right game boundary at x=733
[DEBUG] Thu 2026-09-03 14:47:49.908 [Thread-4] GameCharacter checkReachGameWall:97 Character collided with the right game boundary at x=733
[DEBUG] Thu 2026-09-03 14:47:49.925 [Thread-4] GameCharacter checkReachGameWall:97 Character collided with the right game boundary at x=733
[DEBUG] Thu 2026-09-03 14:47:49.942 [Thread-4] GameCharacter checkReachGameWall:97 Character collided with the right game boundary at x=733
[DEBUG] Thu 2026-09-03 14:47:49.959 [Thread-4] GameCharacter checkReachGameWall:97 Character collided with the right game boundary at x=733
[DEBUG] Thu 2026-09-03 14:47:49.976 [Thread-4] GameCharacter checkReachGameWall:97 Character collided with the right game boundary at x=733
[DEBUG] Thu 2026-09-03 14:47:49.994 [Thread-4] GameCharacter checkReachGameWall:97 Character collided with the right game boundary at x=733
[DEBUG] Thu 2026-09-03 14:47:50.011 [Thread-4] GameCharacter checkReachGameWall:97 Character collided with the right game boundary at x=733
[DEBUG] Thu 2026-09-03 14:47:50.029 [Thread-4] GameCharacter checkReachGameWall:97 Character collided with the right game boundary at x=733
[DEBUG] Thu 2026-09-03 14:47:50.047 [Thread-4] GameCharacter checkReachGameWall:97 Character collided with the right game boundary at x=733
[DEBUG] Thu 2026-09-03 14:47:50.065 [Thread-4] GameCharacter checkReachGameWall:97 Character collided with the right game boundary at x=733
[DEBUG] Thu 2026-09-03 14:47:50.081 [Thread-4] GameCharacter checkReachGameWall:97 Character collided with the right game boundary at x=733
[DEBUG] Thu 2026-09-03 14:47:50.100 [Thread-4] GameCharacter checkReachGameWall:97 Character collided with the right game boundary at x=733
[DEBUG] Thu 2026-09-03 14:47:50.117 [Thread-4] GameCharacter checkReachGameWall:97 Character collided with the right game boundary at x=733
[DEBUG] Thu 2026-09-03 14:47:50.135 [Thread-4] GameCharacter checkReachGameWall:97 Character collided with the right game boundary at x=733
[DEBUG] Thu 2026-09-03 14:47:50.152 [Thread-4] GameCharacter checkReachGameWall:97 Character collided with the right game boundary at x=733
[DEBUG] Thu 2026-09-03 14:47:50.169 [Thread-4] GameCharacter checkReachGameWall:97 Character collided with the right game boundary at x=733
[DEBUG] Thu 2026-09-03 14:47:50.186 [Thread-4] GameCharacter checkReachGameWall:97 Character collided with the right game boundary at x=733
[DEBUG] Thu 2026-09-03 14:47:50.203 [Thread-4] GameCharacter checkReachGameWall:97 Character collided with the right game boundary at x=733
[DEBUG] Thu 2026-09-03 14:47:50.220 [Thread-4] GameCharacter checkReachGameWall:97 Character collided with the right game boundary at x=733
[DEBUG] Thu 2026-09-03 14:47:50.238 [Thread-4] GameCharacter checkReachGameWall:97 Character collided with the right game boundary at x=733
[DEBUG] Thu 2026-09-03 14:47:50.255 [Thread-4] GameCharacter checkReachGameWall:97 Character collided with the right game boundary at x=733
[DEBUG] Thu 2026-09-03 14:47:50.273 [Thread-4] GameCharacter checkReachGameWall:97 Character collided with the right game boundary at x=733
[DEBUG] Thu 2026-09-03 14:47:50.290 [Thread-4] GameCharacter checkReachGameWall:97 Character collided with the right game boundary at x=733
[DEBUG] Thu 2026-09-03 14:47:50.307 [Thread-4] GameCharacter checkReachGameWall:97 Character collided with the right game boundary at x=733
[DEBUG] Thu 2026-09-03 14:47:50.324 [Thread-4] GameCharacter checkReachGameWall:97 Character collided with the right game boundary at x=733
[DEBUG] Thu 2026-09-03 14:47:50.341 [Thread-4] GameCharacter checkReachGameWall:97 Character collided with the right game boundary at x=733
[DEBUG] Thu 2026-09-03 14:47:50.358 [Thread-4] GameCharacter checkReachGameWall:97 Character collided with the right game boundary at x=733
[DEBUG] Thu 2026-09-03 14:47:50.377 [Thread-4] GameCharacter checkReachGameWall:97 Character collided with the right game boundary at x=733
[DEBUG] Thu 2026-09-03 14:47:50.396 [Thread-4] GameCharacter checkReachGameWall:97 Character collided with the right game boundary at x=733
[DEBUG] Thu 2026-09-03 14:47:50.414 [Thread-4] GameCharacter checkReachGameWall:97 Character collided with the right game boundary at x=733
[DEBUG] Thu 2026-09-03 14:47:50.432 [Thread-4] GameCharacter checkReachGameWall:97 Character collided with the right game boundary at x=733
[DEBUG] Thu 2026-09-03 14:47:50.450 [Thread-4] GameCharacter checkReachGameWall:97 Character collided with the right game boundary at x=733
[DEBUG] Thu 2026-09-03 14:47:50.467 [Thread-4] GameCharacter checkReachGameWall:97 Character collided with the right game boundary at x=733
[DEBUG] Thu 2026-09-03 14:47:50.485 [Thread-4] GameCharacter checkReachGameWall:97 Character collided with the right game boundary at x=733
[DEBUG] Thu 2026-09-03 14:47:50.502 [Thread-4] GameCharacter checkReachGameWall:97 Character collided with the right game boundary at x=733
[DEBUG] Thu 2026-09-03 14:47:50.519 [Thread-4] GameCharacter checkReachGameWall:97 Character collided with the right game boundary at x=733
[DEBUG] Thu 2026-09-03 14:47:50.536 [Thread-4] GameCharacter checkReachGameWall:97 Character collided with the right game boundary at x=733
[DEBUG] Thu 2026-09-03 14:47:50.552 [Thread-4] GameCharacter checkReachGameWall:97 Character collided with the right game boundary at x=733
[DEBUG] Thu 2026-09-03 14:47:50.569 [Thread-4] GameCharacter checkReachGameWall:97 Character collided with the right game boundary at x=733
[DEBUG] Thu 2026-09-03 14:47:50.589 [Thread-4] GameCharacter checkReachGameWall:97 Character collided with the right game boundary at x=733
[DEBUG] Thu 2026-09-03 14:47:50.608 [Thread-4] GameCharacter checkReachGameWall:97 Character collided with the right game boundary at x=733
[DEBUG] Thu 2026-09-03 14:47:50.625 [Thread-4] GameCharacter checkReachGameWall:97 Character collided with the right game boundary at x=733
[DEBUG] Thu 2026-09-03 14:47:50.643 [Thread-4] GameCharacter checkReachGameWall:97 Character collided with the right game boundary at x=733
[DEBUG] Thu 2026-09-03 14:47:50.662 [Thread-4] GameCharacter checkReachGameWall:97 Character collided with the right game boundary at x=733
[DEBUG] Thu 2026-09-03 14:47:50.680 [Thread-4] GameCharacter checkReachGameWall:97 Character collided with the right game boundary at x=733
[DEBUG] Thu 2026-09-03 14:47:50.697 [Thread-4] GameCharacter checkReachGameWall:97 Character collided with the right game boundary at x=733
[DEBUG] Thu 2026-09-03 14:47:50.714 [Thread-4] GameCharacter checkReachGameWall:97 Character collided with the right game boundary at x=733
[DEBUG] Thu 2026-09-03 14:47:50.732 [Thread-4] GameCharacter checkReachGameWall:97 Character collided with the right game boundary at x=733
[DEBUG] Thu 2026-09-03 14:47:50.749 [Thread-4] GameCharacter checkReachGameWall:97 Character collided with the right game boundary at x=733
[DEBUG] Thu 2026-09-03 14:47:50.766 [Thread-4] GameCharacter checkReachGameWall:97 Character collided with the right game boundary at x=733
[ INFO] Thu 2026-09-10 08:21:12.969 [Thread-3] GameCharacter trace:131 x:30 y:251 vx:0 vy:0
[ INFO] Thu 2026-09-10 08:21:13.173 [Thread-3] GameCharacter trace:131 x:300 y:240 vx:0 vy:0
[ INFO] Thu 2026-09-10 08:21:16.593 [Thread-3] GameCharacter trace:131 x:320 y:240 vx:5 vy:0
[ INFO] Thu 2026-09-10 08:21:16.696 [Thread-3] GameCharacter trace:131 x:350 y:240 vx:5 vy:0
[ INFO] Thu 2026-09-10 08:21:17.199 [Thread-3] GameCharacter trace:131 x:385 y:240 vx:5 vy:0
[ INFO] Thu 2026-09-10 08:21:17.402 [Thread-3] GameCharacter trace:131 x:9 y:251 vx:6 vy:0
[ INFO] Thu 2026-09-10 08:21:17.504 [Thread-3] GameCharacter trace:131 x:51 y:251 vx:7 vy:0
[ INFO] Thu 2026-09-10 08:21:17.606 [Thread-3] GameCharacter trace:131 x:93 y:251 vx:7 vy:0
[ INFO] Thu 2026-09-10 08:21:17.708 [Thread-3] GameCharacter trace:131 x:142 y:251 vx:7 vy:0
[ INFO] Thu 2026-09-10 08:21:17.809 [Thread-3] GameCharacter trace:131 x:184 y:251 vx:7 vy:0
[ INFO] Thu 2026-09-10 08:21:17.910 [Thread-3] GameCharacter trace:131 x:226 y:251 vx:7 vy:0
[ INFO] Thu 2026-09-10 08:21:17.911 [Thread-3] GameCharacter trace:131 x:415 y:240 vx:5 vy:0
[ INFO] Thu 2026-09-10 08:21:18.214 [Thread-3] GameCharacter trace:131 x:385 y:240 vx:5 vy:0
[ INFO] Thu 2026-09-10 08:21:18.314 [Thread-3] GameCharacter trace:131 x:268 y:251 vx:7 vy:0
[ INFO] Thu 2026-09-10 08:21:18.315 [Thread-3] GameCharacter trace:131 x:415 y:240 vx:5 vy:0
[ INFO] Thu 2026-09-10 08:21:18.416 [Thread-3] GameCharacter trace:131 x:226 y:251 vx:7 vy:0
[ INFO] Thu 2026-09-10 08:21:18.416 [Thread-3] GameCharacter trace:131 x:445 y:240 vx:5 vy:0
[ INFO] Thu 2026-09-10 08:21:18.517 [Thread-3] GameCharacter trace:131 x:184 y:251 vx:7 vy:0
[ INFO] Thu 2026-09-10 08:21:18.517 [Thread-3] GameCharacter trace:131 x:475 y:240 vx:5 vy:0
[ INFO] Thu 2026-09-10 08:21:18.618 [Thread-3] GameCharacter trace:131 x:505 y:240 vx:5 vy:0
[ INFO] Thu 2026-09-10 08:21:18.721 [Thread-3] GameCharacter trace:131 x:535 y:240 vx:5 vy:0
[ INFO] Thu 2026-09-10 08:21:18.822 [Thread-3] GameCharacter trace:131 x:142 y:251 vx:7 vy:0
[ INFO] Thu 2026-09-10 08:21:18.822 [Thread-3] GameCharacter trace:131 x:570 y:240 vx:5 vy:0
[ INFO] Thu 2026-09-10 08:21:18.923 [Thread-3] GameCharacter trace:131 x:184 y:251 vx:7 vy:0
[ INFO] Thu 2026-09-10 08:21:18.924 [Thread-3] GameCharacter trace:131 x:600 y:240 vx:5 vy:0
[ INFO] Thu 2026-09-10 08:21:19.025 [Thread-3] GameCharacter trace:131 x:226 y:251 vx:7 vy:0
[ INFO] Thu 2026-09-10 08:21:19.026 [Thread-3] GameCharacter trace:131 x:630 y:240 vx:5 vy:0
[ INFO] Thu 2026-09-10 08:21:19.128 [Thread-3] GameCharacter trace:131 x:268 y:251 vx:7 vy:0
[ INFO] Thu 2026-09-10 08:21:19.129 [Thread-3] GameCharacter trace:131 x:660 y:240 vx:5 vy:0
[ INFO] Thu 2026-09-10 08:21:19.230 [Thread-3] GameCharacter trace:131 x:310 y:251 vx:7 vy:0
[ INFO] Thu 2026-09-10 08:21:19.231 [Thread-3] GameCharacter trace:131 x:690 y:240 vx:5 vy:0
[ INFO] Thu 2026-09-10 08:21:19.332 [Thread-3] GameCharacter trace:131 x:352 y:251 vx:7 vy:0
[ INFO] Thu 2026-09-10 08:21:19.333 [Thread-3] GameCharacter trace:131 x:720 y:240 vx:5 vy:0
[DEBUG] Thu 2026-09-10 08:21:19.391 [Thread-4] GameCharacter checkReachGameWall:97 Character collided with the right game boundary at x=735
[DEBUG] Thu 2026-09-10 08:21:19.408 [Thread-4] GameCharacter checkReachGameWall:97 Character collided with the right game boundary at x=738
[DEBUG] Thu 2026-09-10 08:21:19.425 [Thread-4] GameCharacter checkReachGameWall:97 Character collided with the right game boundary at x=738
[ INFO] Thu 2026-09-10 08:21:19.434 [Thread-3] GameCharacter trace:131 x:394 y:251 vx:7 vy:0
[ INFO] Thu 2026-09-10 08:21:19.435 [Thread-3] GameCharacter trace:131 x:738 y:240 vx:5 vy:0
[DEBUG] Thu 2026-09-10 08:21:19.443 [Thread-4] GameCharacter checkReachGameWall:97 Character collided with the right game boundary at x=738
[DEBUG] Thu 2026-09-10 08:21:19.460 [Thread-4] GameCharacter checkReachGameWall:97 Character collided with the right game boundary at x=738
[DEBUG] Thu 2026-09-10 08:21:19.477 [Thread-4] GameCharacter checkReachGameWall:97 Character collided with the right game boundary at x=738
[DEBUG] Thu 2026-09-10 08:21:19.494 [Thread-4] GameCharacter checkReachGameWall:97 Character collided with the right game boundary at x=738
[DEBUG] Thu 2026-09-10 08:21:19.511 [Thread-4] GameCharacter checkReachGameWall:97 Character collided with the right game boundary at x=738
[DEBUG] Thu 2026-09-10 08:21:19.528 [Thread-4] GameCharacter checkReachGameWall:97 Character collided with the right game boundary at x=738
[ INFO] Thu 2026-09-10 08:21:19.535 [Thread-3] GameCharacter trace:131 x:436 y:251 vx:7 vy:0
[ INFO] Thu 2026-09-10 08:21:19.535 [Thread-3] GameCharacter trace:131 x:738 y:240 vx:5 vy:0
[DEBUG] Thu 2026-09-10 08:21:19.545 [Thread-4] GameCharacter checkReachGameWall:97 Character collided with the right game boundary at x=738
[DEBUG] Thu 2026-09-10 08:21:19.562 [Thread-4] GameCharacter checkReachGameWall:97 Character collided with the right game boundary at x=738
[DEBUG] Thu 2026-09-10 08:21:19.581 [Thread-4] GameCharacter checkReachGameWall:97 Character collided with the right game boundary at x=738
[DEBUG] Thu 2026-09-10 08:21:19.598 [Thread-4] GameCharacter checkReachGameWall:97 Character collided with the right game boundary at x=738
[DEBUG] Thu 2026-09-10 08:21:19.615 [Thread-4] GameCharacter checkReachGameWall:97 Character collided with the right game boundary at x=738
[DEBUG] Thu 2026-09-10 08:21:19.633 [Thread-4] GameCharacter checkReachGameWall:97 Character collided with the right game boundary at x=738
[ INFO] Thu 2026-09-10 08:21:19.637 [Thread-3] GameCharacter trace:131 x:478 y:251 vx:7 vy:0
[ INFO] Thu 2026-09-10 08:21:19.637 [Thread-3] GameCharacter trace:131 x:738 y:240 vx:5 vy:0
[DEBUG] Thu 2026-09-10 08:21:19.650 [Thread-4] GameCharacter checkReachGameWall:97 Character collided with the right game boundary at x=738
[DEBUG] Thu 2026-09-10 08:21:19.668 [Thread-4] GameCharacter checkReachGameWall:97 Character collided with the right game boundary at x=738
[DEBUG] Thu 2026-09-10 08:21:19.686 [Thread-4] GameCharacter checkReachGameWall:97 Character collided with the right game boundary at x=738
[DEBUG] Thu 2026-09-10 08:21:19.702 [Thread-4] GameCharacter checkReachGameWall:97 Character collided with the right game boundary at x=738
[DEBUG] Thu 2026-09-10 08:21:19.720 [Thread-4] GameCharacter checkReachGameWall:97 Character collided with the right game boundary at x=738
[DEBUG] Thu 2026-09-10 08:21:19.737 [Thread-4] GameCharacter checkReachGameWall:97 Character collided with the right game boundary at x=738
[ INFO] Thu 2026-09-10 08:21:19.738 [Thread-3] GameCharacter trace:131 x:520 y:251 vx:7 vy:0
[ INFO] Thu 2026-09-10 08:21:19.738 [Thread-3] GameCharacter trace:131 x:738 y:240 vx:5 vy:0
[DEBUG] Thu 2026-09-10 08:21:19.756 [Thread-4] GameCharacter checkReachGameWall:97 Character collided with the right game boundary at x=738
[DEBUG] Thu 2026-09-10 08:21:19.773 [Thread-4] GameCharacter checkReachGameWall:97 Character collided with the right game boundary at x=738
[DEBUG] Thu 2026-09-10 08:21:19.791 [Thread-4] GameCharacter checkReachGameWall:97 Character collided with the right game boundary at x=738
[DEBUG] Thu 2026-09-10 08:21:19.807 [Thread-4] GameCharacter checkReachGameWall:97 Character collided with the right game boundary at x=738
[DEBUG] Thu 2026-09-10 08:21:19.826 [Thread-4] GameCharacter checkReachGameWall:97 Character collided with the right game boundary at x=738
[ INFO] Thu 2026-09-10 08:21:19.839 [Thread-3] GameCharacter trace:131 x:555 y:251 vx:7 vy:0
[ INFO] Thu 2026-09-10 08:21:19.839 [Thread-3] GameCharacter trace:131 x:738 y:240 vx:5 vy:0
[DEBUG] Thu 2026-09-10 08:21:19.843 [Thread-4] GameCharacter checkReachGameWall:97 Character collided with the right game boundary at x=738
[DEBUG] Thu 2026-09-10 08:21:19.859 [Thread-4] GameCharacter checkReachGameWall:97 Character collided with the right game boundary at x=738
[DEBUG] Thu 2026-09-10 08:21:19.877 [Thread-4] GameCharacter checkReachGameWall:97 Character collided with the right game boundary at x=738
[DEBUG] Thu 2026-09-10 08:21:19.893 [Thread-4] GameCharacter checkReachGameWall:97 Character collided with the right game boundary at x=738
[DEBUG] Thu 2026-09-10 08:21:19.911 [Thread-4] GameCharacter checkReachGameWall:97 Character collided with the right game boundary at x=738
[DEBUG] Thu 2026-09-10 08:21:19.928 [Thread-4] GameCharacter checkReachGameWall:97 Character collided with the right game boundary at x=738
[ INFO] Thu 2026-09-10 08:21:19.940 [Thread-3] GameCharacter trace:131 x:597 y:251 vx:7 vy:0
[ INFO] Thu 2026-09-10 08:21:19.940 [Thread-3] GameCharacter trace:131 x:738 y:240 vx:5 vy:0
[DEBUG] Thu 2026-09-10 08:21:19.945 [Thread-4] GameCharacter checkReachGameWall:97 Character collided with the right game boundary at x=738
[DEBUG] Thu 2026-09-10 08:21:19.962 [Thread-4] GameCharacter checkReachGameWall:97 Character collided with the right game boundary at x=738
[DEBUG] Thu 2026-09-10 08:21:19.979 [Thread-4] GameCharacter checkReachGameWall:97 Character collided with the right game boundary at x=738
[DEBUG] Thu 2026-09-10 08:21:19.996 [Thread-4] GameCharacter checkReachGameWall:97 Character collided with the right game boundary at x=738
[DEBUG] Thu 2026-09-10 08:21:20.013 [Thread-4] GameCharacter checkReachGameWall:97 Character collided with the right game boundary at x=738
[DEBUG] Thu 2026-09-10 08:21:20.031 [Thread-4] GameCharacter checkReachGameWall:97 Character collided with the right game boundary at x=738
[ INFO] Thu 2026-09-10 08:21:20.042 [Thread-3] GameCharacter trace:131 x:639 y:251 vx:7 vy:0
[ INFO] Thu 2026-09-10 08:21:20.042 [Thread-3] GameCharacter trace:131 x:738 y:240 vx:5 vy:0
[DEBUG] Thu 2026-09-10 08:21:20.048 [Thread-4] GameCharacter checkReachGameWall:97 Character collided with the right game boundary at x=738
[DEBUG] Thu 2026-09-10 08:21:20.065 [Thread-4] GameCharacter checkReachGameWall:97 Character collided with the right game boundary at x=738
[DEBUG] Thu 2026-09-10 08:21:20.082 [Thread-4] GameCharacter checkReachGameWall:97 Character collided with the right game boundary at x=738
[DEBUG] Thu 2026-09-10 08:21:20.099 [Thread-4] GameCharacter checkReachGameWall:97 Character collided with the right game boundary at x=738
[DEBUG] Thu 2026-09-10 08:21:20.117 [Thread-4] GameCharacter checkReachGameWall:97 Character collided with the right game boundary at x=738
[DEBUG] Thu 2026-09-10 08:21:20.134 [Thread-4] GameCharacter checkReachGameWall:97 Character collided with the right game boundary at x=738
[ INFO] Thu 2026-09-10 08:21:20.143 [Thread-3] GameCharacter trace:131 x:681 y:251 vx:7 vy:0
[ INFO] Thu 2026-09-10 08:21:20.143 [Thread-3] GameCharacter trace:131 x:738 y:240 vx:5 vy:0
[DEBUG] Thu 2026-09-10 08:21:20.151 [Thread-4] GameCharacter checkReachGameWall:97 Character collided with the right game boundary at x=738
[DEBUG] Thu 2026-09-10 08:21:20.168 [Thread-4] GameCharacter checkReachGameWall:97 Character collided with the right game boundary at x=738
[DEBUG] Thu 2026-09-10 08:21:20.185 [Thread-4] GameCharacter checkReachGameWall:97 Character collided with the right game boundary at x=738
[DEBUG] Thu 2026-09-10 08:21:20.205 [Thread-4] GameCharacter checkReachGameWall:97 Character collided with the right game boundary at x=738
[DEBUG] Thu 2026-09-10 08:21:20.223 [Thread-4] GameCharacter checkReachGameWall:97 Character collided with the right game boundary at x=738
[DEBUG] Thu 2026-09-10 08:21:20.239 [Thread-4] GameCharacter checkReachGameWall:97 Character collided with the right game boundary at x=738
[ INFO] Thu 2026-09-10 08:21:20.244 [Thread-3] GameCharacter trace:131 x:723 y:251 vx:7 vy:0
[DEBUG] Thu 2026-09-10 08:21:20.258 [Thread-4] GameCharacter checkReachGameWall:97 Character collided with the right game boundary at x=738
[DEBUG] Thu 2026-09-10 08:21:20.275 [Thread-4] GameCharacter checkReachGameWall:97 Character collided with the right game boundary at x=733
[DEBUG] Thu 2026-09-10 08:21:20.292 [Thread-4] GameCharacter checkReachGameWall:97 Character collided with the right game boundary at x=733
[DEBUG] Thu 2026-09-10 08:21:20.311 [Thread-4] GameCharacter checkReachGameWall:97 Character collided with the right game boundary at x=733
[DEBUG] Thu 2026-09-10 08:21:20.329 [Thread-4] GameCharacter checkReachGameWall:97 Character collided with the right game boundary at x=733
[ INFO] Thu 2026-09-10 08:21:20.345 [Thread-3] GameCharacter trace:131 x:758 y:251 vx:7 vy:0
[DEBUG] Thu 2026-09-10 08:21:20.349 [Thread-4] GameCharacter checkReachGameWall:97 Character collided with the right game boundary at x=733
[DEBUG] Thu 2026-09-10 08:21:20.366 [Thread-4] GameCharacter checkReachGameWall:97 Character collided with the right game boundary at x=733
[DEBUG] Thu 2026-09-10 08:21:20.393 [Thread-4] GameCharacter checkReachGameWall:97 Character collided with the right game boundary at x=772
[DEBUG] Thu 2026-09-10 08:21:20.394 [Thread-4] GameCharacter checkReachGameWall:97 Character collided with the right game boundary at x=733
[DEBUG] Thu 2026-09-10 08:21:20.411 [Thread-4] GameCharacter checkReachGameWall:97 Character collided with the right game boundary at x=775
[DEBUG] Thu 2026-09-10 08:21:20.411 [Thread-4] GameCharacter checkReachGameWall:97 Character collided with the right game boundary at x=733
[DEBUG] Thu 2026-09-10 08:21:20.428 [Thread-4] GameCharacter checkReachGameWall:97 Character collided with the right game boundary at x=775
[DEBUG] Thu 2026-09-10 08:21:20.428 [Thread-4] GameCharacter checkReachGameWall:97 Character collided with the right game boundary at x=733
[DEBUG] Thu 2026-09-10 08:21:20.445 [Thread-4] GameCharacter checkReachGameWall:97 Character collided with the right game boundary at x=775
[DEBUG] Thu 2026-09-10 08:21:20.445 [Thread-4] GameCharacter checkReachGameWall:97 Character collided with the right game boundary at x=733
[ INFO] Thu 2026-09-10 08:21:20.446 [Thread-3] GameCharacter trace:131 x:775 y:251 vx:7 vy:0
[DEBUG] Thu 2026-09-10 08:21:20.462 [Thread-4] GameCharacter checkReachGameWall:97 Character collided with the right game boundary at x=775
[DEBUG] Thu 2026-09-10 08:21:20.462 [Thread-4] GameCharacter checkReachGameWall:97 Character collided with the right game boundary at x=733
[DEBUG] Thu 2026-09-10 08:21:20.480 [Thread-4] GameCharacter checkReachGameWall:97 Character collided with the right game boundary at x=775
[DEBUG] Thu 2026-09-10 08:21:20.480 [Thread-4] GameCharacter checkReachGameWall:97 Character collided with the right game boundary at x=733
[DEBUG] Thu 2026-09-10 08:21:20.497 [Thread-4] GameCharacter checkReachGameWall:97 Character collided with the right game boundary at x=775
[DEBUG] Thu 2026-09-10 08:21:20.497 [Thread-4] GameCharacter checkReachGameWall:97 Character collided with the right game boundary at x=733
[DEBUG] Thu 2026-09-10 08:21:20.515 [Thread-4] GameCharacter checkReachGameWall:97 Character collided with the right game boundary at x=775
[DEBUG] Thu 2026-09-10 08:21:20.515 [Thread-4] GameCharacter checkReachGameWall:97 Character collided with the right game boundary at x=733
[DEBUG] Thu 2026-09-10 08:21:20.532 [Thread-4] GameCharacter checkReachGameWall:97 Character collided with the right game boundary at x=775
[DEBUG] Thu 2026-09-10 08:21:20.532 [Thread-4] GameCharacter checkReachGameWall:97 Character collided with the right game boundary at x=733
[DEBUG] Thu 2026-09-10 08:21:20.550 [Thread-4] GameCharacter checkReachGameWall:97 Character collided with the right game boundary at x=775
[DEBUG] Thu 2026-09-10 08:21:20.550 [Thread-4] GameCharacter checkReachGameWall:97 Character collided with the right game boundary at x=733
[DEBUG] Thu 2026-09-10 08:21:20.568 [Thread-4] GameCharacter checkReachGameWall:97 Character collided with the right game boundary at x=768
[DEBUG] Thu 2026-09-10 08:21:20.568 [Thread-4] GameCharacter checkReachGameWall:97 Character collided with the right game boundary at x=733
[DEBUG] Thu 2026-09-10 08:21:20.585 [Thread-4] GameCharacter checkReachGameWall:97 Character collided with the right game boundary at x=768
[DEBUG] Thu 2026-09-10 08:21:20.585 [Thread-4] GameCharacter checkReachGameWall:97 Character collided with the right game boundary at x=733
[DEBUG] Thu 2026-09-10 08:21:20.604 [Thread-4] GameCharacter checkReachGameWall:97 Character collided with the right game boundary at x=768
[DEBUG] Thu 2026-09-10 08:21:20.604 [Thread-4] GameCharacter checkReachGameWall:97 Character collided with the right game boundary at x=733
[DEBUG] Thu 2026-09-10 08:21:20.621 [Thread-4] GameCharacter checkReachGameWall:97 Character collided with the right game boundary at x=768
[DEBUG] Thu 2026-09-10 08:21:20.621 [Thread-4] GameCharacter checkReachGameWall:97 Character collided with the right game boundary at x=733
[DEBUG] Thu 2026-09-10 08:21:20.638 [Thread-4] GameCharacter checkReachGameWall:97 Character collided with the right game boundary at x=768
[DEBUG] Thu 2026-09-10 08:21:20.638 [Thread-4] GameCharacter checkReachGameWall:97 Character collided with the right game boundary at x=733
[DEBUG] Thu 2026-09-10 08:21:20.655 [Thread-4] GameCharacter checkReachGameWall:97 Character collided with the right game boundary at x=768
[DEBUG] Thu 2026-09-10 08:21:20.655 [Thread-4] GameCharacter checkReachGameWall:97 Character collided with the right game boundary at x=733
[DEBUG] Thu 2026-09-10 08:21:20.672 [Thread-4] GameCharacter checkReachGameWall:97 Character collided with the right game boundary at x=768
[DEBUG] Thu 2026-09-10 08:21:20.672 [Thread-4] GameCharacter checkReachGameWall:97 Character collided with the right game boundary at x=733
[DEBUG] Thu 2026-09-10 08:21:20.689 [Thread-4] GameCharacter checkReachGameWall:97 Character collided with the right game boundary at x=768
[DEBUG] Thu 2026-09-10 08:21:20.689 [Thread-4] GameCharacter checkReachGameWall:97 Character collided with the right game boundary at x=733
[DEBUG] Thu 2026-09-10 08:21:20.706 [Thread-4] GameCharacter checkReachGameWall:97 Character collided with the right game boundary at x=768
[DEBUG] Thu 2026-09-10 08:21:20.706 [Thread-4] GameCharacter checkReachGameWall:97 Character collided with the right game boundary at x=733
[DEBUG] Thu 2026-09-10 08:21:20.723 [Thread-4] GameCharacter checkReachGameWall:97 Character collided with the right game boundary at x=768
[DEBUG] Thu 2026-09-10 08:21:20.723 [Thread-4] GameCharacter checkReachGameWall:97 Character collided with the right game boundary at x=733
[DEBUG] Thu 2026-09-10 08:21:20.741 [Thread-4] GameCharacter checkReachGameWall:97 Character collided with the right game boundary at x=768
[DEBUG] Thu 2026-09-10 08:21:20.741 [Thread-4] GameCharacter checkReachGameWall:97 Character collided with the right game boundary at x=733
[DEBUG] Thu 2026-09-10 08:21:20.758 [Thread-4] GameCharacter checkReachGameWall:97 Character collided with the right game boundary at x=768
[DEBUG] Thu 2026-09-10 08:21:20.758 [Thread-4] GameCharacter checkReachGameWall:97 Character collided with the right game boundary at x=733
[DEBUG] Thu 2026-09-10 08:21:20.776 [Thread-4] GameCharacter checkReachGameWall:97 Character collided with the right game boundary at x=768
[DEBUG] Thu 2026-09-10 08:21:20.776 [Thread-4] GameCharacter checkReachGameWall:97 Character collided with the right game boundary at x=733
[DEBUG] Thu 2026-09-10 08:21:20.793 [Thread-4] GameCharacter checkReachGameWall:97 Character collided with the right game boundary at x=768
[DEBUG] Thu 2026-09-10 08:21:20.793 [Thread-4] GameCharacter checkReachGameWall:97 Character collided with the right game boundary at x=733
[DEBUG] Thu 2026-09-10 08:21:20.810 [Thread-4] GameCharacter checkReachGameWall:97 Character collided with the right game boundary at x=768
[DEBUG] Thu 2026-09-10 08:21:20.810 [Thread-4] GameCharacter checkReachGameWall:97 Character collided with the right game boundary at x=733
[DEBUG] Thu 2026-09-10 08:21:20.829 [Thread-4] GameCharacter checkReachGameWall:97 Character collided with the right game boundary at x=768
[DEBUG] Thu 2026-09-10 08:21:20.829 [Thread-4] GameCharacter checkReachGameWall:97 Character collided with the right game boundary at x=733
[DEBUG] Thu 2026-09-10 08:21:20.846 [Thread-4] GameCharacter checkReachGameWall:97 Character collided with the right game boundary at x=768
[DEBUG] Thu 2026-09-10 08:21:20.846 [Thread-4] GameCharacter checkReachGameWall:97 Character collided with the right game boundary at x=733
[ INFO] Thu 2026-09-10 08:21:20.848 [Thread-3] GameCharacter trace:131 x:768 y:251 vx:7 vy:0
[ INFO] Thu 2026-09-10 08:21:20.848 [Thread-3] GameCharacter trace:131 x:733 y:240 vx:5 vy:0
[DEBUG] Thu 2026-09-10 08:21:20.864 [Thread-4] GameCharacter checkReachGameWall:97 Character collided with the right game boundary at x=768
[DEBUG] Thu 2026-09-10 08:21:20.865 [Thread-4] GameCharacter checkReachGameWall:97 Character collided with the right game boundary at x=733
[ INFO] Thu 2026-09-10 08:21:20.948 [Thread-3] GameCharacter trace:131 x:726 y:251 vx:7 vy:0
[ INFO] Thu 2026-09-10 08:21:20.948 [Thread-3] GameCharacter trace:131 x:703 y:240 vx:5 vy:0
[ INFO] Thu 2026-09-10 08:21:21.051 [Thread-3] GameCharacter trace:131 x:684 y:251 vx:7 vy:0
[ INFO] Thu 2026-09-10 08:21:21.051 [Thread-3] GameCharacter trace:131 x:673 y:240 vx:5 vy:0
[ INFO] Thu 2026-09-10 08:21:21.152 [Thread-3] GameCharacter trace:131 x:642 y:251 vx:7 vy:0
[ INFO] Thu 2026-09-10 08:21:21.152 [Thread-3] GameCharacter trace:131 x:643 y:240 vx:5 vy:0
[ INFO] Thu 2026-09-10 08:21:21.253 [Thread-3] GameCharacter trace:131 x:600 y:251 vx:7 vy:0
[ INFO] Thu 2026-09-10 08:21:21.253 [Thread-3] GameCharacter trace:131 x:613 y:240 vx:5 vy:0
[ INFO] Thu 2026-09-10 08:21:21.354 [Thread-3] GameCharacter trace:131 x:558 y:251 vx:7 vy:0
[ INFO] Thu 2026-09-10 08:21:21.354 [Thread-3] GameCharacter trace:131 x:583 y:240 vx:5 vy:0
[ INFO] Thu 2026-09-10 08:21:21.454 [Thread-3] GameCharacter trace:131 x:516 y:251 vx:7 vy:0
[ INFO] Thu 2026-09-10 08:21:21.454 [Thread-3] GameCharacter trace:131 x:553 y:240 vx:5 vy:0
[ INFO] Thu 2026-09-10 08:21:21.557 [Thread-3] GameCharacter trace:131 x:474 y:251 vx:7 vy:0
[ INFO] Thu 2026-09-10 08:21:21.557 [Thread-3] GameCharacter trace:131 x:523 y:240 vx:5 vy:0
[ INFO] Thu 2026-09-10 08:21:21.658 [Thread-3] GameCharacter trace:131 x:432 y:251 vx:7 vy:0
[ INFO] Thu 2026-09-10 08:21:21.658 [Thread-3] GameCharacter trace:131 x:493 y:240 vx:5 vy:0
[ INFO] Thu 2026-09-10 08:21:21.761 [Thread-3] GameCharacter trace:131 x:383 y:251 vx:7 vy:0
[ INFO] Thu 2026-09-10 08:21:21.761 [Thread-3] GameCharacter trace:131 x:458 y:240 vx:5 vy:0
[ INFO] Thu 2026-09-10 08:21:21.862 [Thread-3] GameCharacter trace:131 x:341 y:251 vx:7 vy:0
[ INFO] Thu 2026-09-10 08:21:21.862 [Thread-3] GameCharacter trace:131 x:428 y:240 vx:5 vy:0
[ INFO] Thu 2026-09-10 08:21:21.963 [Thread-3] GameCharacter trace:131 x:299 y:251 vx:7 vy:0
[ INFO] Thu 2026-09-10 08:21:21.963 [Thread-3] GameCharacter trace:131 x:398 y:240 vx:5 vy:0
[ INFO] Thu 2026-09-10 08:21:22.065 [Thread-3] GameCharacter trace:131 x:257 y:251 vx:7 vy:0
[ INFO] Thu 2026-09-10 08:21:22.065 [Thread-3] GameCharacter trace:131 x:368 y:240 vx:5 vy:0
[ INFO] Thu 2026-09-10 08:21:22.166 [Thread-3] GameCharacter trace:131 x:215 y:251 vx:7 vy:0
[ INFO] Thu 2026-09-10 08:21:22.166 [Thread-3] GameCharacter trace:131 x:338 y:240 vx:5 vy:0
[ INFO] Thu 2026-09-10 08:21:22.269 [Thread-3] GameCharacter trace:131 x:173 y:251 vx:7 vy:0
[ INFO] Thu 2026-09-10 08:21:22.269 [Thread-3] GameCharacter trace:131 x:308 y:240 vx:5 vy:0
[ INFO] Thu 2026-09-10 08:21:22.370 [Thread-3] GameCharacter trace:131 x:131 y:251 vx:7 vy:0
[ INFO] Thu 2026-09-10 08:21:22.370 [Thread-3] GameCharacter trace:131 x:278 y:240 vx:5 vy:0
[ INFO] Thu 2026-09-10 08:21:22.472 [Thread-3] GameCharacter trace:131 x:89 y:251 vx:7 vy:0
[ INFO] Thu 2026-09-10 08:21:22.472 [Thread-3] GameCharacter trace:131 x:248 y:240 vx:5 vy:0
[ INFO] Thu 2026-09-10 08:21:22.573 [Thread-3] GameCharacter trace:131 x:47 y:251 vx:7 vy:0
[ INFO] Thu 2026-09-10 08:21:22.573 [Thread-3] GameCharacter trace:131 x:218 y:240 vx:5 vy:0
[ INFO] Thu 2026-09-10 08:21:22.674 [Thread-3] GameCharacter trace:131 x:5 y:251 vx:7 vy:0
[ INFO] Thu 2026-09-10 08:21:22.674 [Thread-3] GameCharacter trace:131 x:188 y:240 vx:5 vy:0
[DEBUG] Thu 2026-09-10 08:21:22.694 [Thread-4] GameCharacter checkReachGameWall:94 Character collided with the left game boundary at x=-2
[DEBUG] Thu 2026-09-10 08:21:22.711 [Thread-4] GameCharacter checkReachGameWall:94 Character collided with the left game boundary at x=-7
[DEBUG] Thu 2026-09-10 08:21:22.728 [Thread-4] GameCharacter checkReachGameWall:94 Character collided with the left game boundary at x=-7
[DEBUG] Thu 2026-09-10 08:21:22.745 [Thread-4] GameCharacter checkReachGameWall:94 Character collided with the left game boundary at x=-7
[DEBUG] Thu 2026-09-10 08:21:22.762 [Thread-4] GameCharacter checkReachGameWall:94 Character collided with the left game boundary at x=-7
[ INFO] Thu 2026-09-10 08:21:22.774 [Thread-3] GameCharacter trace:131 x:-7 y:251 vx:7 vy:0
[ INFO] Thu 2026-09-10 08:21:22.774 [Thread-3] GameCharacter trace:131 x:158 y:240 vx:5 vy:0
[DEBUG] Thu 2026-09-10 08:21:22.781 [Thread-4] GameCharacter checkReachGameWall:94 Character collided with the left game boundary at x=-7
[DEBUG] Thu 2026-09-10 08:21:22.798 [Thread-4] GameCharacter checkReachGameWall:94 Character collided with the left game boundary at x=-7
[DEBUG] Thu 2026-09-10 08:21:22.815 [Thread-4] GameCharacter checkReachGameWall:94 Character collided with the left game boundary at x=-7
[DEBUG] Thu 2026-09-10 08:21:22.832 [Thread-4] GameCharacter checkReachGameWall:94 Character collided with the left game boundary at x=-7
[DEBUG] Thu 2026-09-10 08:21:22.849 [Thread-4] GameCharacter checkReachGameWall:94 Character collided with the left game boundary at x=-7
[DEBUG] Thu 2026-09-10 08:21:22.866 [Thread-4] GameCharacter checkReachGameWall:94 Character collided with the left game boundary at x=-7
[ INFO] Thu 2026-09-10 08:21:22.875 [Thread-3] GameCharacter trace:131 x:-7 y:251 vx:7 vy:0
[ INFO] Thu 2026-09-10 08:21:22.875 [Thread-3] GameCharacter trace:131 x:128 y:240 vx:5 vy:0
[DEBUG] Thu 2026-09-10 08:21:22.883 [Thread-4] GameCharacter checkReachGameWall:94 Character collided with the left game boundary at x=-7
[DEBUG] Thu 2026-09-10 08:21:22.900 [Thread-4] GameCharacter checkReachGameWall:94 Character collided with the left game boundary at x=-7
[DEBUG] Thu 2026-09-10 08:21:22.917 [Thread-4] GameCharacter checkReachGameWall:94 Character collided with the left game boundary at x=-7
[DEBUG] Thu 2026-09-10 08:21:22.934 [Thread-4] GameCharacter checkReachGameWall:94 Character collided with the left game boundary at x=-7
[DEBUG] Thu 2026-09-10 08:21:22.951 [Thread-4] GameCharacter checkReachGameWall:94 Character collided with the left game boundary at x=-7
[DEBUG] Thu 2026-09-10 08:21:22.967 [Thread-4] GameCharacter checkReachGameWall:94 Character collided with the left game boundary at x=-7
[ INFO] Thu 2026-09-10 08:21:22.976 [Thread-3] GameCharacter trace:131 x:-7 y:251 vx:7 vy:0
[ INFO] Thu 2026-09-10 08:21:22.976 [Thread-3] GameCharacter trace:131 x:98 y:240 vx:5 vy:0
[DEBUG] Thu 2026-09-10 08:21:22.984 [Thread-4] GameCharacter checkReachGameWall:94 Character collided with the left game boundary at x=-7
[DEBUG] Thu 2026-09-10 08:21:23.001 [Thread-4] GameCharacter checkReachGameWall:94 Character collided with the left game boundary at x=-7
[DEBUG] Thu 2026-09-10 08:21:23.018 [Thread-4] GameCharacter checkReachGameWall:94 Character collided with the left game boundary at x=-7
[DEBUG] Thu 2026-09-10 08:21:23.035 [Thread-4] GameCharacter checkReachGameWall:94 Character collided with the left game boundary at x=-7
[DEBUG] Thu 2026-09-10 08:21:23.052 [Thread-4] GameCharacter checkReachGameWall:94 Character collided with the left game boundary at x=-7
[DEBUG] Thu 2026-09-10 08:21:23.069 [Thread-4] GameCharacter checkReachGameWall:94 Character collided with the left game boundary at x=-7
[ INFO] Thu 2026-09-10 08:21:23.077 [Thread-3] GameCharacter trace:131 x:-7 y:251 vx:7 vy:0
[ INFO] Thu 2026-09-10 08:21:23.077 [Thread-3] GameCharacter trace:131 x:68 y:240 vx:5 vy:0
[DEBUG] Thu 2026-09-10 08:21:23.087 [Thread-4] GameCharacter checkReachGameWall:94 Character collided with the left game boundary at x=-7
[DEBUG] Thu 2026-09-10 08:21:23.103 [Thread-4] GameCharacter checkReachGameWall:94 Character collided with the left game boundary at x=-7
[DEBUG] Thu 2026-09-10 08:21:23.121 [Thread-4] GameCharacter checkReachGameWall:94 Character collided with the left game boundary at x=-7
[DEBUG] Thu 2026-09-10 08:21:23.138 [Thread-4] GameCharacter checkReachGameWall:94 Character collided with the left game boundary at x=-7
[DEBUG] Thu 2026-09-10 08:21:23.154 [Thread-4] GameCharacter checkReachGameWall:94 Character collided with the left game boundary at x=-7
[DEBUG] Thu 2026-09-10 08:21:23.172 [Thread-4] GameCharacter checkReachGameWall:94 Character collided with the left game boundary at x=-7
[ INFO] Thu 2026-09-10 08:21:23.178 [Thread-3] GameCharacter trace:131 x:-7 y:251 vx:7 vy:0
[ INFO] Thu 2026-09-10 08:21:23.178 [Thread-3] GameCharacter trace:131 x:38 y:240 vx:5 vy:0
[DEBUG] Thu 2026-09-10 08:21:23.189 [Thread-4] GameCharacter checkReachGameWall:94 Character collided with the left game boundary at x=-7
[DEBUG] Thu 2026-09-10 08:21:23.206 [Thread-4] GameCharacter checkReachGameWall:94 Character collided with the left game boundary at x=-7
[DEBUG] Thu 2026-09-10 08:21:23.223 [Thread-4] GameCharacter checkReachGameWall:94 Character collided with the left game boundary at x=-7
[DEBUG] Thu 2026-09-10 08:21:23.240 [Thread-4] GameCharacter checkReachGameWall:94 Character collided with the left game boundary at x=-7
[DEBUG] Thu 2026-09-10 08:21:23.257 [Thread-4] GameCharacter checkReachGameWall:94 Character collided with the left game boundary at x=-7
[DEBUG] Thu 2026-09-10 08:21:23.277 [Thread-4] GameCharacter checkReachGameWall:94 Character collided with the left game boundary at x=-7
[ INFO] Thu 2026-09-10 08:21:23.279 [Thread-3] GameCharacter trace:131 x:-7 y:251 vx:7 vy:0
[ INFO] Thu 2026-09-10 08:21:23.279 [Thread-3] GameCharacter trace:131 x:8 y:240 vx:5 vy:0
[DEBUG] Thu 2026-09-10 08:21:23.294 [Thread-4] GameCharacter checkReachGameWall:94 Character collided with the left game boundary at x=-7
[DEBUG] Thu 2026-09-10 08:21:23.312 [Thread-4] GameCharacter checkReachGameWall:94 Character collided with the left game boundary at x=-7
[DEBUG] Thu 2026-09-10 08:21:23.329 [Thread-4] GameCharacter checkReachGameWall:94 Character collided with the left game boundary at x=-7
[DEBUG] Thu 2026-09-10 08:21:23.329 [Thread-4] GameCharacter checkReachGameWall:94 Character collided with the left game boundary at x=-2
[DEBUG] Thu 2026-09-10 08:21:23.346 [Thread-4] GameCharacter checkReachGameWall:94 Character collided with the left game boundary at x=-7
[DEBUG] Thu 2026-09-10 08:21:23.346 [Thread-4] GameCharacter checkReachGameWall:94 Character collided with the left game boundary at x=-5
[DEBUG] Thu 2026-09-10 08:21:23.364 [Thread-4] GameCharacter checkReachGameWall:94 Character collided with the left game boundary at x=-7
[DEBUG] Thu 2026-09-10 08:21:23.364 [Thread-4] GameCharacter checkReachGameWall:94 Character collided with the left game boundary at x=-5
[ INFO] Thu 2026-09-10 08:21:23.381 [Thread-3] GameCharacter trace:131 x:-5 y:240 vx:5 vy:0
[DEBUG] Thu 2026-09-10 08:21:23.383 [Thread-4] GameCharacter checkReachGameWall:94 Character collided with the left game boundary at x=-7
[DEBUG] Thu 2026-09-10 08:21:23.383 [Thread-4] GameCharacter checkReachGameWall:94 Character collided with the left game boundary at x=-5
[DEBUG] Thu 2026-09-10 08:21:23.399 [Thread-4] GameCharacter checkReachGameWall:94 Character collided with the left game boundary at x=0
[DEBUG] Thu 2026-09-10 08:21:23.399 [Thread-4] GameCharacter checkReachGameWall:94 Character collided with the left game boundary at x=-5
[DEBUG] Thu 2026-09-10 08:21:23.417 [Thread-4] GameCharacter checkReachGameWall:94 Character collided with the left game boundary at x=0
[DEBUG] Thu 2026-09-10 08:21:23.417 [Thread-4] GameCharacter checkReachGameWall:94 Character collided with the left game boundary at x=-5
[DEBUG] Thu 2026-09-10 08:21:23.433 [Thread-4] GameCharacter checkReachGameWall:94 Character collided with the left game boundary at x=0
[DEBUG] Thu 2026-09-10 08:21:23.433 [Thread-4] GameCharacter checkReachGameWall:94 Character collided with the left game boundary at x=-5
[DEBUG] Thu 2026-09-10 08:21:23.450 [Thread-4] GameCharacter checkReachGameWall:94 Character collided with the left game boundary at x=0
[DEBUG] Thu 2026-09-10 08:21:23.450 [Thread-4] GameCharacter checkReachGameWall:94 Character collided with the left game boundary at x=-5
[DEBUG] Thu 2026-09-10 08:21:23.468 [Thread-4] GameCharacter checkReachGameWall:94 Character collided with the left game boundary at x=0
[DEBUG] Thu 2026-09-10 08:21:23.468 [Thread-4] GameCharacter checkReachGameWall:94 Character collided with the left game boundary at x=-5
[DEBUG] Thu 2026-09-10 08:21:23.485 [Thread-4] GameCharacter checkReachGameWall:94 Character collided with the left game boundary at x=0
[DEBUG] Thu 2026-09-10 08:21:23.485 [Thread-4] GameCharacter checkReachGameWall:94 Character collided with the left game boundary at x=-5
[DEBUG] Thu 2026-09-10 08:21:23.502 [Thread-4] GameCharacter checkReachGameWall:94 Character collided with the left game boundary at x=0
[DEBUG] Thu 2026-09-10 08:21:23.502 [Thread-4] GameCharacter checkReachGameWall:94 Character collided with the left game boundary at x=0
[DEBUG] Thu 2026-09-10 08:21:23.519 [Thread-4] GameCharacter checkReachGameWall:94 Character collided with the left game boundary at x=0
[DEBUG] Thu 2026-09-10 08:21:23.519 [Thread-4] GameCharacter checkReachGameWall:94 Character collided with the left game boundary at x=0
[DEBUG] Thu 2026-09-10 08:21:23.535 [Thread-4] GameCharacter checkReachGameWall:94 Character collided with the left game boundary at x=0
[DEBUG] Thu 2026-09-10 08:21:23.535 [Thread-4] GameCharacter checkReachGameWall:94 Character collided with the left game boundary at x=0
[DEBUG] Thu 2026-09-10 08:21:23.552 [Thread-4] GameCharacter checkReachGameWall:94 Character collided with the left game boundary at x=0
[DEBUG] Thu 2026-09-10 08:21:23.552 [Thread-4] GameCharacter checkReachGameWall:94 Character collided with the left game boundary at x=0
[DEBUG] Thu 2026-09-10 08:21:23.570 [Thread-4] GameCharacter checkReachGameWall:94 Character collided with the left game boundary at x=0
[DEBUG] Thu 2026-09-10 08:21:23.570 [Thread-4] GameCharacter checkReachGameWall:94 Character collided with the left game boundary at x=0
[DEBUG] Thu 2026-09-10 08:21:23.587 [Thread-4] GameCharacter checkReachGameWall:94 Character collided with the left game boundary at x=0
[DEBUG] Thu 2026-09-10 08:21:23.587 [Thread-4] GameCharacter checkReachGameWall:94 Character collided with the left game boundary at x=0
[DEBUG] Thu 2026-09-10 08:21:23.605 [Thread-4] GameCharacter checkReachGameWall:94 Character collided with the left game boundary at x=0
[DEBUG] Thu 2026-09-10 08:21:23.605 [Thread-4] GameCharacter checkReachGameWall:94 Character collided with the left game boundary at x=0
[DEBUG] Thu 2026-09-10 08:21:23.622 [Thread-4] GameCharacter checkReachGameWall:94 Character collided with the left game boundary at x=0
[DEBUG] Thu 2026-09-10 08:21:23.622 [Thread-4] GameCharacter checkReachGameWall:94 Character collided with the left game boundary at x=0
[DEBUG] Thu 2026-09-10 08:21:23.639 [Thread-4] GameCharacter checkReachGameWall:94 Character collided with the left game boundary at x=0
[DEBUG] Thu 2026-09-10 08:21:23.639 [Thread-4] GameCharacter checkReachGameWall:94 Character collided with the left game boundary at x=0
[DEBUG] Thu 2026-09-10 08:21:23.656 [Thread-4] GameCharacter checkReachGameWall:94 Character collided with the left game boundary at x=0
[DEBUG] Thu 2026-09-10 08:21:23.656 [Thread-4] GameCharacter checkReachGameWall:94 Character collided with the left game boundary at x=0
[DEBUG] Thu 2026-09-10 08:21:23.673 [Thread-4] GameCharacter checkReachGameWall:94 Character collided with the left game boundary at x=0
[DEBUG] Thu 2026-09-10 08:21:23.673 [Thread-4] GameCharacter checkReachGameWall:94 Character collided with the left game boundary at x=0
[DEBUG] Thu 2026-09-10 08:21:23.689 [Thread-4] GameCharacter checkReachGameWall:94 Character collided with the left game boundary at x=0
[DEBUG] Thu 2026-09-10 08:21:23.689 [Thread-4] GameCharacter checkReachGameWall:94 Character collided with the left game boundary at x=0
[DEBUG] Thu 2026-09-10 08:21:23.707 [Thread-4] GameCharacter checkReachGameWall:94 Character collided with the left game boundary at x=0
[DEBUG] Thu 2026-09-10 08:21:23.707 [Thread-4] GameCharacter checkReachGameWall:94 Character collided with the left game boundary at x=0
[DEBUG] Thu 2026-09-10 08:21:23.724 [Thread-4] GameCharacter checkReachGameWall:94 Character collided with the left game boundary at x=0
[DEBUG] Thu 2026-09-10 08:21:23.724 [Thread-4] GameCharacter checkReachGameWall:94 Character collided with the left game boundary at x=0
[DEBUG] Thu 2026-09-10 08:21:23.741 [Thread-4] GameCharacter checkReachGameWall:94 Character collided with the left game boundary at x=0
[DEBUG] Thu 2026-09-10 08:21:23.741 [Thread-4] GameCharacter checkReachGameWall:94 Character collided with the left game boundary at x=0
[DEBUG] Thu 2026-09-10 08:21:23.758 [Thread-4] GameCharacter checkReachGameWall:94 Character collided with the left game boundary at x=0
[DEBUG] Thu 2026-09-10 08:21:23.758 [Thread-4] GameCharacter checkReachGameWall:94 Character collided with the left game boundary at x=0
[DEBUG] Thu 2026-09-10 08:21:23.776 [Thread-4] GameCharacter checkReachGameWall:94 Character collided with the left game boundary at x=0
[DEBUG] Thu 2026-09-10 08:21:23.776 [Thread-4] GameCharacter checkReachGameWall:94 Character collided with the left game boundary at x=0
[DEBUG] Thu 2026-09-10 08:21:23.793 [Thread-4] GameCharacter checkReachGameWall:94 Character collided with the left game boundary at x=0
[DEBUG] Thu 2026-09-10 08:21:23.793 [Thread-4] GameCharacter checkReachGameWall:94 Character collided with the left game boundary at x=0
[DEBUG] Thu 2026-09-10 08:21:23.809 [Thread-4] GameCharacter checkReachGameWall:94 Character collided with the left game boundary at x=0
[DEBUG] Thu 2026-09-10 08:21:23.809 [Thread-4] GameCharacter checkReachGameWall:94 Character collided with the left game boundary at x=0
[DEBUG] Thu 2026-09-10 08:21:23.826 [Thread-4] GameCharacter checkReachGameWall:94 Character collided with the left game boundary at x=0
[DEBUG] Thu 2026-09-10 08:21:23.826 [Thread-4] GameCharacter checkReachGameWall:94 Character collided with the left game boundary at x=0
[DEBUG] Thu 2026-09-10 08:21:23.843 [Thread-4] GameCharacter checkReachGameWall:94 Character collided with the left game boundary at x=0
[DEBUG] Thu 2026-09-10 08:21:23.843 [Thread-4] GameCharacter checkReachGameWall:94 Character collided with the left game boundary at x=0
[DEBUG] Thu 2026-09-10 08:21:23.860 [Thread-4] GameCharacter checkReachGameWall:94 Character collided with the left game boundary at x=0
[DEBUG] Thu 2026-09-10 08:21:23.860 [Thread-4] GameCharacter checkReachGameWall:94 Character collided with the left game boundary at x=0
[DEBUG] Thu 2026-09-10 08:21:23.877 [Thread-4] GameCharacter checkReachGameWall:94 Character collided with the left game boundary at x=0
[DEBUG] Thu 2026-09-10 08:21:23.877 [Thread-4] GameCharacter checkReachGameWall:94 Character collided with the left game boundary at x=0
[DEBUG] Thu 2026-09-10 08:21:23.894 [Thread-4] GameCharacter checkReachGameWall:94 Character collided with the left game boundary at x=0
[DEBUG] Thu 2026-09-10 08:21:23.894 [Thread-4] GameCharacter checkReachGameWall:94 Character collided with the left game boundary at x=0
[DEBUG] Thu 2026-09-10 08:21:23.911 [Thread-4] GameCharacter checkReachGameWall:94 Character collided with the left game boundary at x=0
[DEBUG] Thu 2026-09-10 08:21:23.911 [Thread-4] GameCharacter checkReachGameWall:94 Character collided with the left game boundary at x=0
[DEBUG] Thu 2026-09-10 08:21:23.928 [Thread-4] GameCharacter checkReachGameWall:94 Character collided with the left game boundary at x=0
[DEBUG] Thu 2026-09-10 08:21:23.928 [Thread-4] GameCharacter checkReachGameWall:94 Character collided with the left game boundary at x=0
[DEBUG] Thu 2026-09-10 08:21:23.944 [Thread-4] GameCharacter checkReachGameWall:94 Character collided with the left game boundary at x=0
[DEBUG] Thu 2026-09-10 08:21:23.944 [Thread-4] GameCharacter checkReachGameWall:94 Character collided with the left game boundary at x=0
[DEBUG] Thu 2026-09-10 08:21:23.961 [Thread-4] GameCharacter checkReachGameWall:94 Character collided with the left game boundary at x=0
[DEBUG] Thu 2026-09-10 08:21:23.961 [Thread-4] GameCharacter checkReachGameWall:94 Character collided with the left game boundary at x=0
[DEBUG] Thu 2026-09-10 08:21:23.977 [Thread-4] GameCharacter checkReachGameWall:94 Character collided with the left game boundary at x=0
[DEBUG] Thu 2026-09-10 08:21:23.977 [Thread-4] GameCharacter checkReachGameWall:94 Character collided with the left game boundary at x=0
[DEBUG] Thu 2026-09-10 08:21:23.994 [Thread-4] GameCharacter checkReachGameWall:94 Character collided with the left game boundary at x=0
[DEBUG] Thu 2026-09-10 08:21:23.994 [Thread-4] GameCharacter checkReachGameWall:94 Character collided with the left game boundary at x=0
[DEBUG] Thu 2026-09-10 08:21:24.011 [Thread-4] GameCharacter checkReachGameWall:94 Character collided with the left game boundary at x=0
[DEBUG] Thu 2026-09-10 08:21:24.011 [Thread-4] GameCharacter checkReachGameWall:94 Character collided with the left game boundary at x=0
[DEBUG] Thu 2026-09-10 08:21:24.028 [Thread-4] GameCharacter checkReachGameWall:94 Character collided with the left game boundary at x=0
[DEBUG] Thu 2026-09-10 08:21:24.028 [Thread-4] GameCharacter checkReachGameWall:94 Character collided with the left game boundary at x=0
[DEBUG] Thu 2026-09-10 08:21:24.045 [Thread-4] GameCharacter checkReachGameWall:94 Character collided with the left game boundary at x=0
[DEBUG] Thu 2026-09-10 08:21:24.045 [Thread-4] GameCharacter checkReachGameWall:94 Character collided with the left game boundary at x=0
[DEBUG] Thu 2026-09-10 08:21:24.061 [Thread-4] GameCharacter checkReachGameWall:94 Character collided with the left game boundary at x=0
[DEBUG] Thu 2026-09-10 08:21:24.061 [Thread-4] GameCharacter checkReachGameWall:94 Character collided with the left game boundary at x=0
[DEBUG] Thu 2026-09-10 08:21:24.078 [Thread-4] GameCharacter checkReachGameWall:94 Character collided with the left game boundary at x=0
[DEBUG] Thu 2026-09-10 08:21:24.078 [Thread-4] GameCharacter checkReachGameWall:94 Character collided with the left game boundary at x=0
[DEBUG] Thu 2026-09-10 08:21:24.097 [Thread-4] GameCharacter checkReachGameWall:94 Character collided with the left game boundary at x=0
[DEBUG] Thu 2026-09-10 08:21:24.097 [Thread-4] GameCharacter checkReachGameWall:94 Character collided with the left game boundary at x=0
[DEBUG] Thu 2026-09-10 08:21:24.114 [Thread-4] GameCharacter checkReachGameWall:94 Character collided with the left game boundary at x=0
[DEBUG] Thu 2026-09-10 08:21:24.114 [Thread-4] GameCharacter checkReachGameWall:94 Character collided with the left game boundary at x=0
[DEBUG] Thu 2026-09-10 08:21:24.131 [Thread-4] GameCharacter checkReachGameWall:94 Character collided with the left game boundary at x=0
[DEBUG] Thu 2026-09-10 08:21:24.131 [Thread-4] GameCharacter checkReachGameWall:94 Character collided with the left game boundary at x=0
[DEBUG] Thu 2026-09-10 08:21:24.148 [Thread-4] GameCharacter checkReachGameWall:94 Character collided with the left game boundary at x=0
[DEBUG] Thu 2026-09-10 08:21:24.148 [Thread-4] GameCharacter checkReachGameWall:94 Character collided with the left game boundary at x=0
[DEBUG] Thu 2026-09-10 08:21:24.165 [Thread-4] GameCharacter checkReachGameWall:94 Character collided with the left game boundary at x=0
[DEBUG] Thu 2026-09-10 08:21:24.165 [Thread-4] GameCharacter checkReachGameWall:94 Character collided with the left game boundary at x=0
[DEBUG] Thu 2026-09-10 08:21:24.182 [Thread-4] GameCharacter checkReachGameWall:94 Character collided with the left game boundary at x=0
[DEBUG] Thu 2026-09-10 08:21:24.182 [Thread-4] GameCharacter checkReachGameWall:94 Character collided with the left game boundary at x=0
[DEBUG] Thu 2026-09-10 08:21:24.199 [Thread-4] GameCharacter checkReachGameWall:94 Character collided with the left game boundary at x=0
[DEBUG] Thu 2026-09-10 08:21:24.199 [Thread-4] GameCharacter checkReachGameWall:94 Character collided with the left game boundary at x=0
[DEBUG] Thu 2026-09-10 08:21:24.217 [Thread-4] GameCharacter checkReachGameWall:94 Character collided with the left game boundary at x=0
[DEBUG] Thu 2026-09-10 08:21:24.217 [Thread-4] GameCharacter checkReachGameWall:94 Character collided with the left game boundary at x=0
[DEBUG] Thu 2026-09-10 08:21:24.234 [Thread-4] GameCharacter checkReachGameWall:94 Character collided with the left game boundary at x=0
[DEBUG] Thu 2026-09-10 08:21:24.234 [Thread-4] GameCharacter checkReachGameWall:94 Character collided with the left game boundary at x=0
[DEBUG] Thu 2026-09-10 08:21:24.251 [Thread-4] GameCharacter checkReachGameWall:94 Character collided with the left game boundary at x=0
[DEBUG] Thu 2026-09-10 08:21:24.251 [Thread-4] GameCharacter checkReachGameWall:94 Character collided with the left game boundary at x=0
[DEBUG] Thu 2026-09-10 08:21:24.268 [Thread-4] GameCharacter checkReachGameWall:94 Character collided with the left game boundary at x=0
[DEBUG] Thu 2026-09-10 08:21:24.268 [Thread-4] GameCharacter checkReachGameWall:94 Character collided with the left game boundary at x=0
[DEBUG] Thu 2026-09-10 08:21:24.285 [Thread-4] GameCharacter checkReachGameWall:94 Character collided with the left game boundary at x=0
[DEBUG] Thu 2026-09-10 08:21:24.285 [Thread-4] GameCharacter checkReachGameWall:94 Character collided with the left game boundary at x=0
[DEBUG] Thu 2026-09-10 08:21:24.302 [Thread-4] GameCharacter checkReachGameWall:94 Character collided with the left game boundary at x=0
[DEBUG] Thu 2026-09-10 08:21:24.302 [Thread-4] GameCharacter checkReachGameWall:94 Character collided with the left game boundary at x=0
[DEBUG] Thu 2026-09-10 08:21:24.319 [Thread-4] GameCharacter checkReachGameWall:94 Character collided with the left game boundary at x=0
[DEBUG] Thu 2026-09-10 08:21:24.319 [Thread-4] GameCharacter checkReachGameWall:94 Character collided with the left game boundary at x=0
[DEBUG] Thu 2026-09-10 08:21:24.336 [Thread-4] GameCharacter checkReachGameWall:94 Character collided with the left game boundary at x=0
[DEBUG] Thu 2026-09-10 08:21:24.336 [Thread-4] GameCharacter checkReachGameWall:94 Character collided with the left game boundary at x=0
[DEBUG] Thu 2026-09-10 08:21:24.353 [Thread-4] GameCharacter checkReachGameWall:94 Character collided with the left game boundary at x=0
[DEBUG] Thu 2026-09-10 08:21:24.353 [Thread-4] GameCharacter checkReachGameWall:94 Character collided with the left game boundary at x=0
[DEBUG] Thu 2026-09-10 08:21:24.371 [Thread-4] GameCharacter checkReachGameWall:94 Character collided with the left game boundary at x=0
[DEBUG] Thu 2026-09-10 08:21:24.371 [Thread-4] GameCharacter checkReachGameWall:94 Character collided with the left game boundary at x=0
[DEBUG] Thu 2026-09-10 08:21:24.388 [Thread-4] GameCharacter checkReachGameWall:94 Character collided with the left game boundary at x=0
[DEBUG] Thu 2026-09-10 08:21:24.388 [Thread-4] GameCharacter checkReachGameWall:94 Character collided with the left game boundary at x=0
[DEBUG] Thu 2026-09-10 08:21:24.406 [Thread-4] GameCharacter checkReachGameWall:94 Character collided with the left game boundary at x=0
[DEBUG] Thu 2026-09-10 08:21:24.406 [Thread-4] GameCharacter checkReachGameWall:94 Character collided with the left game boundary at x=0
[DEBUG] Thu 2026-09-10 08:21:24.423 [Thread-4] GameCharacter checkReachGameWall:94 Character collided with the left game boundary at x=0
[DEBUG] Thu 2026-09-10 08:21:24.423 [Thread-4] GameCharacter checkReachGameWall:94 Character collided with the left game boundary at x=0
[DEBUG] Thu 2026-09-10 08:21:24.440 [Thread-4] GameCharacter checkReachGameWall:94 Character collided with the left game boundary at x=0
[DEBUG] Thu 2026-09-10 08:21:24.440 [Thread-4] GameCharacter checkReachGameWall:94 Character collided with the left game boundary at x=0
[DEBUG] Thu 2026-09-10 08:21:24.458 [Thread-4] GameCharacter checkReachGameWall:94 Character collided with the left game boundary at x=0
[DEBUG] Thu 2026-09-10 08:21:24.458 [Thread-4] GameCharacter checkReachGameWall:94 Character collided with the left game boundary at x=0
[DEBUG] Thu 2026-09-10 08:21:24.475 [Thread-4] GameCharacter checkReachGameWall:94 Character collided with the left game boundary at x=0
[DEBUG] Thu 2026-09-10 08:21:24.475 [Thread-4] GameCharacter checkReachGameWall:94 Character collided with the left game boundary at x=0
[DEBUG] Thu 2026-09-10 08:21:24.493 [Thread-4] GameCharacter checkReachGameWall:94 Character collided with the left game boundary at x=0
[DEBUG] Thu 2026-09-10 08:21:24.493 [Thread-4] GameCharacter checkReachGameWall:94 Character collided with the left game boundary at x=0
[DEBUG] Thu 2026-09-10 08:21:24.509 [Thread-4] GameCharacter checkReachGameWall:94 Character collided with the left game boundary at x=0
[DEBUG] Thu 2026-09-10 08:21:24.509 [Thread-4] GameCharacter checkReachGameWall:94 Character collided with the left game boundary at x=0
[DEBUG] Thu 2026-09-10 08:21:24.526 [Thread-4] GameCharacter checkReachGameWall:94 Character collided with the left game boundary at x=0
[DEBUG] Thu 2026-09-10 08:21:24.526 [Thread-4] GameCharacter checkReachGameWall:94 Character collided with the left game boundary at x=0
[DEBUG] Thu 2026-09-10 08:21:24.543 [Thread-4] GameCharacter checkReachGameWall:94 Character collided with the left game boundary at x=0
[DEBUG] Thu 2026-09-10 08:21:24.543 [Thread-4] GameCharacter checkReachGameWall:94 Character collided with the left game boundary at x=0
[DEBUG] Thu 2026-09-10 08:21:24.561 [Thread-4] GameCharacter checkReachGameWall:94 Character collided with the left game boundary at x=0
[DEBUG] Thu 2026-09-10 08:21:24.561 [Thread-4] GameCharacter checkReachGameWall:94 Character collided with the left game boundary at x=0
[DEBUG] Thu 2026-09-10 08:21:24.578 [Thread-4] GameCharacter checkReachGameWall:94 Character collided with the left game boundary at x=0
[DEBUG] Thu 2026-09-10 08:21:24.578 [Thread-4] GameCharacter checkReachGameWall:94 Character collided with the left game boundary at x=0
[ INFO] Thu 2026-09-10 08:21:24.589 [Thread-3] GameCharacter trace:131 x:0 y:240 vx:5 vy:0
[DEBUG] Thu 2026-09-10 08:21:24.594 [Thread-4] GameCharacter checkReachGameWall:94 Character collided with the left game boundary at x=0
[DEBUG] Thu 2026-09-10 08:21:24.594 [Thread-4] GameCharacter checkReachGameWall:94 Character collided with the left game boundary at x=0
[DEBUG] Thu 2026-09-10 08:21:24.611 [Thread-4] GameCharacter checkReachGameWall:94 Character collided with the left game boundary at x=0
[DEBUG] Thu 2026-09-10 08:21:24.611 [Thread-4] GameCharacter checkReachGameWall:94 Character collided with the left game boundary at x=-5
[DEBUG] Thu 2026-09-10 08:21:24.629 [Thread-4] GameCharacter checkReachGameWall:94 Character collided with the left game boundary at x=0
[DEBUG] Thu 2026-09-10 08:21:24.629 [Thread-4] GameCharacter checkReachGameWall:94 Character collided with the left game boundary at x=-5
[DEBUG] Thu 2026-09-10 08:21:24.646 [Thread-4] GameCharacter checkReachGameWall:94 Character collided with the left game boundary at x=0
[DEBUG] Thu 2026-09-10 08:21:24.646 [Thread-4] GameCharacter checkReachGameWall:94 Character collided with the left game boundary at x=-5
[DEBUG] Thu 2026-09-10 08:21:24.663 [Thread-4] GameCharacter checkReachGameWall:94 Character collided with the left game boundary at x=0
[DEBUG] Thu 2026-09-10 08:21:24.663 [Thread-4] GameCharacter checkReachGameWall:94 Character collided with the left game boundary at x=-5
[DEBUG] Thu 2026-09-10 08:21:24.681 [Thread-4] GameCharacter checkReachGameWall:94 Character collided with the left game boundary at x=0
[DEBUG] Thu 2026-09-10 08:21:24.681 [Thread-4] GameCharacter checkReachGameWall:94 Character collided with the left game boundary at x=-5
[ INFO] Thu 2026-09-10 08:21:24.690 [Thread-3] GameCharacter trace:131 x:-5 y:240 vx:5 vy:0
[DEBUG] Thu 2026-09-10 08:21:24.697 [Thread-4] GameCharacter checkReachGameWall:94 Character collided with the left game boundary at x=0
[DEBUG] Thu 2026-09-10 08:21:24.697 [Thread-4] GameCharacter checkReachGameWall:94 Character collided with the left game boundary at x=-5
[DEBUG] Thu 2026-09-10 08:21:24.714 [Thread-4] GameCharacter checkReachGameWall:94 Character collided with the left game boundary at x=0
[DEBUG] Thu 2026-09-10 08:21:24.714 [Thread-4] GameCharacter checkReachGameWall:94 Character collided with the left game boundary at x=-5
[DEBUG] Thu 2026-09-10 08:21:24.731 [Thread-4] GameCharacter checkReachGameWall:94 Character collided with the left game boundary at x=0
[DEBUG] Thu 2026-09-10 08:21:24.731 [Thread-4] GameCharacter checkReachGameWall:94 Character collided with the left game boundary at x=-5
[DEBUG] Thu 2026-09-10 08:21:24.748 [Thread-4] GameCharacter checkReachGameWall:94 Character collided with the left game boundary at x=0
[DEBUG] Thu 2026-09-10 08:21:24.748 [Thread-4] GameCharacter checkReachGameWall:94 Character collided with the left game boundary at x=-5
[DEBUG] Thu 2026-09-10 08:21:24.765 [Thread-4] GameCharacter checkReachGameWall:94 Character collided with the left game boundary at x=0
[DEBUG] Thu 2026-09-10 08:21:24.765 [Thread-4] GameCharacter checkReachGameWall:94 Character collided with the left game boundary at x=-5
[DEBUG] Thu 2026-09-10 08:21:24.782 [Thread-4] GameCharacter checkReachGameWall:94 Character collided with the left game boundary at x=0
[DEBUG] Thu 2026-09-10 08:21:24.782 [Thread-4] GameCharacter checkReachGameWall:94 Character collided with the left game boundary at x=-5
[ INFO] Thu 2026-09-10 08:21:24.792 [Thread-3] GameCharacter trace:131 x:-5 y:240 vx:5 vy:0
[DEBUG] Thu 2026-09-10 08:21:24.799 [Thread-4] GameCharacter checkReachGameWall:94 Character collided with the left game boundary at x=0
[DEBUG] Thu 2026-09-10 08:21:24.799 [Thread-4] GameCharacter checkReachGameWall:94 Character collided with the left game boundary at x=-5
[DEBUG] Thu 2026-09-10 08:21:24.816 [Thread-4] GameCharacter checkReachGameWall:94 Character collided with the left game boundary at x=0
[DEBUG] Thu 2026-09-10 08:21:24.816 [Thread-4] GameCharacter checkReachGameWall:94 Character collided with the left game boundary at x=-5
[DEBUG] Thu 2026-09-10 08:21:24.833 [Thread-4] GameCharacter checkReachGameWall:94 Character collided with the left game boundary at x=0
[DEBUG] Thu 2026-09-10 08:21:24.833 [Thread-4] GameCharacter checkReachGameWall:94 Character collided with the left game boundary at x=-5
[DEBUG] Thu 2026-09-10 08:21:24.849 [Thread-4] GameCharacter checkReachGameWall:94 Character collided with the left game boundary at x=0
[DEBUG] Thu 2026-09-10 08:21:24.849 [Thread-4] GameCharacter checkReachGameWall:94 Character collided with the left game boundary at x=-5
[DEBUG] Thu 2026-09-10 08:21:24.866 [Thread-4] GameCharacter checkReachGameWall:94 Character collided with the left game boundary at x=0
[DEBUG] Thu 2026-09-10 08:21:24.866 [Thread-4] GameCharacter checkReachGameWall:94 Character collided with the left game boundary at x=-5
[DEBUG] Thu 2026-09-10 08:21:24.883 [Thread-4] GameCharacter checkReachGameWall:94 Character collided with the left game boundary at x=0
[DEBUG] Thu 2026-09-10 08:21:24.883 [Thread-4] GameCharacter checkReachGameWall:94 Character collided with the left game boundary at x=-5
[ INFO] Thu 2026-09-10 08:21:24.893 [Thread-3] GameCharacter trace:131 x:-5 y:240 vx:5 vy:0
[DEBUG] Thu 2026-09-10 08:21:24.901 [Thread-4] GameCharacter checkReachGameWall:94 Character collided with the left game boundary at x=0
[DEBUG] Thu 2026-09-10 08:21:24.901 [Thread-4] GameCharacter checkReachGameWall:94 Character collided with the left game boundary at x=-5
[DEBUG] Thu 2026-09-10 08:21:24.917 [Thread-4] GameCharacter checkReachGameWall:94 Character collided with the left game boundary at x=0
[DEBUG] Thu 2026-09-10 08:21:24.917 [Thread-4] GameCharacter checkReachGameWall:94 Character collided with the left game boundary at x=-5
[DEBUG] Thu 2026-09-10 08:21:24.934 [Thread-4] GameCharacter checkReachGameWall:94 Character collided with the left game boundary at x=0
[DEBUG] Thu 2026-09-10 08:21:24.934 [Thread-4] GameCharacter checkReachGameWall:94 Character collided with the left game boundary at x=-5
[DEBUG] Thu 2026-09-10 08:21:24.951 [Thread-4] GameCharacter checkReachGameWall:94 Character collided with the left game boundary at x=0
[DEBUG] Thu 2026-09-10 08:21:24.951 [Thread-4] GameCharacter checkReachGameWall:94 Character collided with the left game boundary at x=-5
[DEBUG] Thu 2026-09-10 08:21:24.968 [Thread-4] GameCharacter checkReachGameWall:94 Character collided with the left game boundary at x=0
[DEBUG] Thu 2026-09-10 08:21:24.968 [Thread-4] GameCharacter checkReachGameWall:94 Character collided with the left game boundary at x=-5
[DEBUG] Thu 2026-09-10 08:21:24.986 [Thread-4] GameCharacter checkReachGameWall:94 Character collided with the left game boundary at x=0
[DEBUG] Thu 2026-09-10 08:21:24.986 [Thread-4] GameCharacter checkReachGameWall:94 Character collided with the left game boundary at x=-5
[DEBUG] Thu 2026-09-10 08:21:25.003 [Thread-4] GameCharacter checkReachGameWall:94 Character collided with the left game boundary at x=0
[DEBUG] Thu 2026-09-10 08:21:25.003 [Thread-4] GameCharacter checkReachGameWall:94 Character collided with the left game boundary at x=-5
[DEBUG] Thu 2026-09-10 08:21:25.019 [Thread-4] GameCharacter checkReachGameWall:94 Character collided with the left game boundary at x=0
[DEBUG] Thu 2026-09-10 08:21:25.019 [Thread-4] GameCharacter checkReachGameWall:94 Character collided with the left game boundary at x=0
[DEBUG] Thu 2026-09-10 08:21:25.036 [Thread-4] GameCharacter checkReachGameWall:94 Character collided with the left game boundary at x=0
[DEBUG] Thu 2026-09-10 08:21:25.036 [Thread-4] GameCharacter checkReachGameWall:94 Character collided with the left game boundary at x=0
[DEBUG] Thu 2026-09-10 08:21:25.053 [Thread-4] GameCharacter checkReachGameWall:94 Character collided with the left game boundary at x=0
[DEBUG] Thu 2026-09-10 08:21:25.053 [Thread-4] GameCharacter checkReachGameWall:94 Character collided with the left game boundary at x=0
[DEBUG] Thu 2026-09-10 08:21:25.071 [Thread-4] GameCharacter checkReachGameWall:94 Character collided with the left game boundary at x=0
[DEBUG] Thu 2026-09-10 08:21:25.071 [Thread-4] GameCharacter checkReachGameWall:94 Character collided with the left game boundary at x=0
[DEBUG] Thu 2026-09-10 08:21:25.087 [Thread-4] GameCharacter checkReachGameWall:94 Character collided with the left game boundary at x=0
[DEBUG] Thu 2026-09-10 08:21:25.087 [Thread-4] GameCharacter checkReachGameWall:94 Character collided with the left game boundary at x=0
[DEBUG] Thu 2026-09-10 08:21:25.104 [Thread-4] GameCharacter checkReachGameWall:94 Character collided with the left game boundary at x=0
[DEBUG] Thu 2026-09-10 08:21:25.104 [Thread-4] GameCharacter checkReachGameWall:94 Character collided with the left game boundary at x=0
[DEBUG] Thu 2026-09-10 08:21:25.120 [Thread-4] GameCharacter checkReachGameWall:94 Character collided with the left game boundary at x=0
[DEBUG] Thu 2026-09-10 08:21:25.120 [Thread-4] GameCharacter checkReachGameWall:94 Character collided with the left game boundary at x=0
[DEBUG] Thu 2026-09-10 08:21:25.137 [Thread-4] GameCharacter checkReachGameWall:94 Character collided with the left game boundary at x=0
[DEBUG] Thu 2026-09-10 08:21:25.137 [Thread-4] GameCharacter checkReachGameWall:94 Character collided with the left game boundary at x=0
[DEBUG] Thu 2026-09-10 08:21:25.155 [Thread-4] GameCharacter checkReachGameWall:94 Character collided with the left game boundary at x=0
[DEBUG] Thu 2026-09-10 08:21:25.155 [Thread-4] GameCharacter checkReachGameWall:94 Character collided with the left game boundary at x=0
[DEBUG] Thu 2026-09-10 08:21:25.171 [Thread-4] GameCharacter checkReachGameWall:94 Character collided with the left game boundary at x=0
[DEBUG] Thu 2026-09-10 08:21:25.171 [Thread-4] GameCharacter checkReachGameWall:94 Character collided with the left game boundary at x=0
[DEBUG] Thu 2026-09-10 08:21:25.188 [Thread-4] GameCharacter checkReachGameWall:94 Character collided with the left game boundary at x=0
[DEBUG] Thu 2026-09-10 08:21:25.188 [Thread-4] GameCharacter checkReachGameWall:94 Character collided with the left game boundary at x=0
[DEBUG] Thu 2026-09-10 08:21:25.206 [Thread-4] GameCharacter checkReachGameWall:94 Character collided with the left game boundary at x=0
[DEBUG] Thu 2026-09-10 08:21:25.206 [Thread-4] GameCharacter checkReachGameWall:94 Character collided with the left game boundary at x=0
[DEBUG] Thu 2026-09-10 08:21:25.223 [Thread-4] GameCharacter checkReachGameWall:94 Character collided with the left game boundary at x=0
[DEBUG] Thu 2026-09-10 08:21:25.223 [Thread-4] GameCharacter checkReachGameWall:94 Character collided with the left game boundary at x=0
[DEBUG] Thu 2026-09-10 08:21:25.239 [Thread-4] GameCharacter checkReachGameWall:94 Character collided with the left game boundary at x=0
[DEBUG] Thu 2026-09-10 08:21:25.239 [Thread-4] GameCharacter checkReachGameWall:94 Character collided with the left game boundary at x=0
[DEBUG] Thu 2026-09-10 08:21:25.256 [Thread-4] GameCharacter checkReachGameWall:94 Character collided with the left game boundary at x=0
[DEBUG] Thu 2026-09-10 08:21:25.256 [Thread-4] GameCharacter checkReachGameWall:94 Character collided with the left game boundary at x=0
[DEBUG] Thu 2026-09-10 08:21:25.273 [Thread-4] GameCharacter checkReachGameWall:94 Character collided with the left game boundary at x=0
[DEBUG] Thu 2026-09-10 08:21:25.273 [Thread-4] GameCharacter checkReachGameWall:94 Character collided with the left game boundary at x=0
[DEBUG] Thu 2026-09-10 08:21:25.290 [Thread-4] GameCharacter checkReachGameWall:94 Character collided with the left game boundary at x=0
[DEBUG] Thu 2026-09-10 08:21:25.291 [Thread-4] GameCharacter checkReachGameWall:94 Character collided with the left game boundary at x=0
[DEBUG] Thu 2026-09-10 08:21:25.307 [Thread-4] GameCharacter checkReachGameWall:94 Character collided with the left game boundary at x=0
[DEBUG] Thu 2026-09-10 08:21:25.307 [Thread-4] GameCharacter checkReachGameWall:94 Character collided with the left game boundary at x=0
[DEBUG] Thu 2026-09-10 08:21:25.324 [Thread-4] GameCharacter checkReachGameWall:94 Character collided with the left game boundary at x=0
[DEBUG] Thu 2026-09-10 08:21:25.324 [Thread-4] GameCharacter checkReachGameWall:94 Character collided with the left game boundary at x=0
[DEBUG] Thu 2026-09-10 08:21:25.341 [Thread-4] GameCharacter checkReachGameWall:94 Character collided with the left game boundary at x=0
[DEBUG] Thu 2026-09-10 08:21:25.341 [Thread-4] GameCharacter checkReachGameWall:94 Character collided with the left game boundary at x=0
[DEBUG] Thu 2026-09-10 08:21:25.357 [Thread-4] GameCharacter checkReachGameWall:94 Character collided with the left game boundary at x=0
[DEBUG] Thu 2026-09-10 08:21:25.357 [Thread-4] GameCharacter checkReachGameWall:94 Character collided with the left game boundary at x=0
[DEBUG] Thu 2026-09-10 08:21:25.374 [Thread-4] GameCharacter checkReachGameWall:94 Character collided with the left game boundary at x=0
[DEBUG] Thu 2026-09-10 08:21:25.374 [Thread-4] GameCharacter checkReachGameWall:94 Character collided with the left game boundary at x=0
[DEBUG] Thu 2026-09-10 08:21:25.391 [Thread-4] GameCharacter checkReachGameWall:94 Character collided with the left game boundary at x=0
[DEBUG] Thu 2026-09-10 08:21:25.391 [Thread-4] GameCharacter checkReachGameWall:94 Character collided with the left game boundary at x=0
[DEBUG] Thu 2026-09-10 08:21:25.407 [Thread-4] GameCharacter checkReachGameWall:94 Character collided with the left game boundary at x=0
[DEBUG] Thu 2026-09-10 08:21:25.407 [Thread-4] GameCharacter checkReachGameWall:94 Character collided with the left game boundary at x=0
[DEBUG] Thu 2026-09-10 08:21:25.424 [Thread-4] GameCharacter checkReachGameWall:94 Character collided with the left game boundary at x=0
[DEBUG] Thu 2026-09-10 08:21:25.424 [Thread-4] GameCharacter checkReachGameWall:94 Character collided with the left game boundary at x=0
[DEBUG] Thu 2026-09-10 08:21:25.442 [Thread-4] GameCharacter checkReachGameWall:94 Character collided with the left game boundary at x=0
[DEBUG] Thu 2026-09-10 08:21:25.442 [Thread-4] GameCharacter checkReachGameWall:94 Character collided with the left game boundary at x=0
[DEBUG] Thu 2026-09-10 08:21:25.458 [Thread-4] GameCharacter checkReachGameWall:94 Character collided with the left game boundary at x=0
[DEBUG] Thu 2026-09-10 08:21:25.458 [Thread-4] GameCharacter checkReachGameWall:94 Character collided with the left game boundary at x=0
[DEBUG] Thu 2026-09-10 08:21:25.475 [Thread-4] GameCharacter checkReachGameWall:94 Character collided with the left game boundary at x=0
[DEBUG] Thu 2026-09-10 08:21:25.475 [Thread-4] GameCharacter checkReachGameWall:94 Character collided with the left game boundary at x=0
[DEBUG] Thu 2026-09-10 08:21:25.492 [Thread-4] GameCharacter checkReachGameWall:94 Character collided with the left game boundary at x=0
[DEBUG] Thu 2026-09-10 08:21:25.492 [Thread-4] GameCharacter checkReachGameWall:94 Character collided with the left game boundary at x=0
[DEBUG] Thu 2026-09-10 08:21:25.510 [Thread-4] GameCharacter checkReachGameWall:94 Character collided with the left game boundary at x=0
[DEBUG] Thu 2026-09-10 08:21:25.510 [Thread-4] GameCharacter checkReachGameWall:94 Character collided with the left game boundary at x=0
[DEBUG] Thu 2026-09-10 08:21:25.527 [Thread-4] GameCharacter checkReachGameWall:94 Character collided with the left game boundary at x=0
[DEBUG] Thu 2026-09-10 08:21:25.527 [Thread-4] GameCharacter checkReachGameWall:94 Character collided with the left game boundary at x=0
[DEBUG] Thu 2026-09-10 08:21:25.544 [Thread-4] GameCharacter checkReachGameWall:94 Character collided with the left game boundary at x=0
[DEBUG] Thu 2026-09-10 08:21:25.544 [Thread-4] GameCharacter checkReachGameWall:94 Character collided with the left game boundary at x=0
[DEBUG] Thu 2026-09-10 08:21:25.561 [Thread-4] GameCharacter checkReachGameWall:94 Character collided with the left game boundary at x=0
[DEBUG] Thu 2026-09-10 08:21:25.561 [Thread-4] GameCharacter checkReachGameWall:94 Character collided with the left game boundary at x=0
[DEBUG] Thu 2026-09-10 08:21:25.578 [Thread-4] GameCharacter checkReachGameWall:94 Character collided with the left game boundary at x=0
[DEBUG] Thu 2026-09-10 08:21:25.578 [Thread-4] GameCharacter checkReachGameWall:94 Character collided with the left game boundary at x=0
[DEBUG] Thu 2026-09-10 08:21:25.596 [Thread-4] GameCharacter checkReachGameWall:94 Character collided with the left game boundary at x=0
[DEBUG] Thu 2026-09-10 08:21:25.596 [Thread-4] GameCharacter checkReachGameWall:94 Character collided with the left game boundary at x=0
[DEBUG] Thu 2026-09-10 08:21:25.613 [Thread-4] GameCharacter checkReachGameWall:94 Character collided with the left game boundary at x=0
[DEBUG] Thu 2026-09-10 08:21:25.613 [Thread-4] GameCharacter checkReachGameWall:94 Character collided with the left game boundary at x=0
[DEBUG] Thu 2026-09-10 08:21:25.629 [Thread-4] GameCharacter checkReachGameWall:94 Character collided with the left game boundary at x=0
[DEBUG] Thu 2026-09-10 08:21:25.629 [Thread-4] GameCharacter checkReachGameWall:94 Character collided with the left game boundary at x=0
[DEBUG] Thu 2026-09-10 08:21:25.647 [Thread-4] GameCharacter checkReachGameWall:94 Character collided with the left game boundary at x=0
[DEBUG] Thu 2026-09-10 08:21:25.647 [Thread-4] GameCharacter checkReachGameWall:94 Character collided with the left game boundary at x=0
[DEBUG] Thu 2026-09-10 08:21:25.664 [Thread-4] GameCharacter checkReachGameWall:94 Character collided with the left game boundary at x=0
[DEBUG] Thu 2026-09-10 08:21:25.664 [Thread-4] GameCharacter checkReachGameWall:94 Character collided with the left game boundary at x=0
[DEBUG] Thu 2026-09-10 08:21:25.681 [Thread-4] GameCharacter checkReachGameWall:94 Character collided with the left game boundary at x=0
[DEBUG] Thu 2026-09-10 08:21:25.681 [Thread-4] GameCharacter checkReachGameWall:94 Character collided with the left game boundary at x=0
[DEBUG] Thu 2026-09-10 08:21:25.698 [Thread-4] GameCharacter checkReachGameWall:94 Character collided with the left game boundary at x=0
[DEBUG] Thu 2026-09-10 08:21:25.698 [Thread-4] GameCharacter checkReachGameWall:94 Character collided with the left game boundary at x=0
[DEBUG] Thu 2026-09-10 08:21:25.715 [Thread-4] GameCharacter checkReachGameWall:94 Character collided with the left game boundary at x=0
[DEBUG] Thu 2026-09-10 08:21:25.715 [Thread-4] GameCharacter checkReachGameWall:94 Character collided with the left game boundary at x=0
[DEBUG] Thu 2026-09-10 08:21:25.732 [Thread-4] GameCharacter checkReachGameWall:94 Character collided with the left game boundary at x=0
[DEBUG] Thu 2026-09-10 08:21:25.732 [Thread-4] GameCharacter checkReachGameWall:94 Character collided with the left game boundary at x=0
[DEBUG] Thu 2026-09-10 08:21:25.749 [Thread-4] GameCharacter checkReachGameWall:94 Character collided with the left game boundary at x=0
[DEBUG] Thu 2026-09-10 08:21:25.749 [Thread-4] GameCharacter checkReachGameWall:94 Character collided with the left game boundary at x=0
[DEBUG] Thu 2026-09-10 08:21:25.766 [Thread-4] GameCharacter checkReachGameWall:94 Character collided with the left game boundary at x=0
[DEBUG] Thu 2026-09-10 08:21:25.766 [Thread-4] GameCharacter checkReachGameWall:94 Character collided with the left game boundary at x=0
[DEBUG] Thu 2026-09-10 08:21:25.783 [Thread-4] GameCharacter checkReachGameWall:94 Character collided with the left game boundary at x=0
[DEBUG] Thu 2026-09-10 08:21:25.783 [Thread-4] GameCharacter checkReachGameWall:94 Character collided with the left game boundary at x=0
[DEBUG] Thu 2026-09-10 08:21:25.800 [Thread-4] GameCharacter checkReachGameWall:94 Character collided with the left game boundary at x=0
[DEBUG] Thu 2026-09-10 08:21:25.800 [Thread-4] GameCharacter checkReachGameWall:94 Character collided with the left game boundary at x=0
[DEBUG] Thu 2026-09-10 08:21:25.819 [Thread-4] GameCharacter checkReachGameWall:94 Character collided with the left game boundary at x=0
[DEBUG] Thu 2026-09-10 08:21:25.819 [Thread-4] GameCharacter checkReachGameWall:94 Character collided with the left game boundary at x=0
[DEBUG] Thu 2026-09-10 08:21:25.836 [Thread-4] GameCharacter checkReachGameWall:94 Character collided with the left game boundary at x=0
[DEBUG] Thu 2026-09-10 08:21:25.836 [Thread-4] GameCharacter checkReachGameWall:94 Character collided with the left game boundary at x=0
[DEBUG] Thu 2026-09-10 08:21:25.854 [Thread-4] GameCharacter checkReachGameWall:94 Character collided with the left game boundary at x=0
[DEBUG] Thu 2026-09-10 08:21:25.854 [Thread-4] GameCharacter checkReachGameWall:94 Character collided with the left game boundary at x=0
[DEBUG] Thu 2026-09-10 08:21:25.871 [Thread-4] GameCharacter checkReachGameWall:94 Character collided with the left game boundary at x=0
[DEBUG] Thu 2026-09-10 08:21:25.871 [Thread-4] GameCharacter checkReachGameWall:94 Character collided with the left game boundary at x=0
[DEBUG] Thu 2026-09-10 08:21:25.887 [Thread-4] GameCharacter checkReachGameWall:94 Character collided with the left game boundary at x=0
[DEBUG] Thu 2026-09-10 08:21:25.887 [Thread-4] GameCharacter checkReachGameWall:94 Character collided with the left game boundary at x=0
[DEBUG] Thu 2026-09-10 08:21:25.904 [Thread-4] GameCharacter checkReachGameWall:94 Character collided with the left game boundary at x=0
[DEBUG] Thu 2026-09-10 08:21:25.904 [Thread-4] GameCharacter checkReachGameWall:94 Character collided with the left game boundary at x=0
[DEBUG] Thu 2026-09-10 08:21:25.921 [Thread-4] GameCharacter checkReachGameWall:94 Character collided with the left game boundary at x=0
[DEBUG] Thu 2026-09-10 08:21:25.921 [Thread-4] GameCharacter checkReachGameWall:94 Character collided with the left game boundary at x=0
[DEBUG] Thu 2026-09-10 08:21:25.937 [Thread-4] GameCharacter checkReachGameWall:94 Character collided with the left game boundary at x=0
[DEBUG] Thu 2026-09-10 08:21:25.937 [Thread-4] GameCharacter checkReachGameWall:94 Character collided with the left game boundary at x=0
[DEBUG] Thu 2026-09-10 08:21:25.955 [Thread-4] GameCharacter checkReachGameWall:94 Character collided with the left game boundary at x=0
[DEBUG] Thu 2026-09-10 08:21:25.955 [Thread-4] GameCharacter checkReachGameWall:94 Character collided with the left game boundary at x=0
[DEBUG] Thu 2026-09-10 08:21:25.972 [Thread-4] GameCharacter checkReachGameWall:94 Character collided with the left game boundary at x=0
[DEBUG] Thu 2026-09-10 08:21:25.972 [Thread-4] GameCharacter checkReachGameWall:94 Character collided with the left game boundary at x=0
[DEBUG] Thu 2026-09-10 08:21:25.991 [Thread-4] GameCharacter checkReachGameWall:94 Character collided with the left game boundary at x=0
[DEBUG] Thu 2026-09-10 08:21:25.991 [Thread-4] GameCharacter checkReachGameWall:94 Character collided with the left game boundary at x=0
[DEBUG] Thu 2026-09-10 08:21:26.008 [Thread-4] GameCharacter checkReachGameWall:94 Character collided with the left game boundary at x=0
[DEBUG] Thu 2026-09-10 08:21:26.008 [Thread-4] GameCharacter checkReachGameWall:94 Character collided with the left game boundary at x=0
[DEBUG] Thu 2026-09-10 08:21:26.024 [Thread-4] GameCharacter checkReachGameWall:94 Character collided with the left game boundary at x=0
[DEBUG] Thu 2026-09-10 08:21:26.024 [Thread-4] GameCharacter checkReachGameWall:94 Character collided with the left game boundary at x=0
[DEBUG] Thu 2026-09-10 08:21:26.041 [Thread-4] GameCharacter checkReachGameWall:94 Character collided with the left game boundary at x=0
[DEBUG] Thu 2026-09-10 08:21:26.041 [Thread-4] GameCharacter checkReachGameWall:94 Character collided with the left game boundary at x=0
[DEBUG] Thu 2026-09-10 08:21:26.058 [Thread-4] GameCharacter checkReachGameWall:94 Character collided with the left game boundary at x=0
[DEBUG] Thu 2026-09-10 08:21:26.058 [Thread-4] GameCharacter checkReachGameWall:94 Character collided with the left game boundary at x=0
[DEBUG] Thu 2026-09-10 08:21:26.076 [Thread-4] GameCharacter checkReachGameWall:94 Character collided with the left game boundary at x=0
[DEBUG] Thu 2026-09-10 08:21:26.076 [Thread-4] GameCharacter checkReachGameWall:94 Character collided with the left game boundary at x=0
[DEBUG] Thu 2026-09-10 08:21:26.092 [Thread-4] GameCharacter checkReachGameWall:94 Character collided with the left game boundary at x=0
[DEBUG] Thu 2026-09-10 08:21:26.092 [Thread-4] GameCharacter checkReachGameWall:94 Character collided with the left game boundary at x=0
[DEBUG] Thu 2026-09-10 08:21:26.109 [Thread-4] GameCharacter checkReachGameWall:94 Character collided with the left game boundary at x=0
[DEBUG] Thu 2026-09-10 08:21:26.109 [Thread-4] GameCharacter checkReachGameWall:94 Character collided with the left game boundary at x=0
[DEBUG] Thu 2026-09-10 08:21:26.126 [Thread-4] GameCharacter checkReachGameWall:94 Character collided with the left game boundary at x=0
[DEBUG] Thu 2026-09-10 08:21:26.126 [Thread-4] GameCharacter checkReachGameWall:94 Character collided with the left game boundary at x=0
[DEBUG] Thu 2026-09-10 08:21:26.142 [Thread-4] GameCharacter checkReachGameWall:94 Character collided with the left game boundary at x=0
[DEBUG] Thu 2026-09-10 08:21:26.142 [Thread-4] GameCharacter checkReachGameWall:94 Character collided with the left game boundary at x=0
[DEBUG] Thu 2026-09-10 08:21:26.159 [Thread-4] GameCharacter checkReachGameWall:94 Character collided with the left game boundary at x=0
[DEBUG] Thu 2026-09-10 08:21:26.159 [Thread-4] GameCharacter checkReachGameWall:94 Character collided with the left game boundary at x=0
[DEBUG] Thu 2026-09-10 08:21:26.176 [Thread-4] GameCharacter checkReachGameWall:94 Character collided with the left game boundary at x=0
[DEBUG] Thu 2026-09-10 08:21:26.176 [Thread-4] GameCharacter checkReachGameWall:94 Character collided with the left game boundary at x=0
[DEBUG] Thu 2026-09-10 08:21:26.193 [Thread-4] GameCharacter checkReachGameWall:94 Character collided with the left game boundary at x=0
[DEBUG] Thu 2026-09-10 08:21:26.193 [Thread-4] GameCharacter checkReachGameWall:94 Character collided with the left game boundary at x=0
[DEBUG] Thu 2026-09-10 08:21:26.210 [Thread-4] GameCharacter checkReachGameWall:94 Character collided with the left game boundary at x=0
[DEBUG] Thu 2026-09-10 08:21:26.210 [Thread-4] GameCharacter checkReachGameWall:94 Character collided with the left game boundary at x=0
[DEBUG] Thu 2026-09-10 08:21:26.226 [Thread-4] GameCharacter checkReachGameWall:94 Character collided with the left game boundary at x=0
[DEBUG] Thu 2026-09-10 08:21:26.226 [Thread-4] GameCharacter checkReachGameWall:94 Character collided with the left game boundary at x=0
[DEBUG] Thu 2026-09-10 08:21:26.243 [Thread-4] GameCharacter checkReachGameWall:94 Character collided with the left game boundary at x=0
[DEBUG] Thu 2026-09-10 08:21:26.243 [Thread-4] GameCharacter checkReachGameWall:94 Character collided with the left game boundary at x=0
[DEBUG] Thu 2026-09-10 08:21:26.260 [Thread-4] GameCharacter checkReachGameWall:94 Character collided with the left game boundary at x=0
[DEBUG] Thu 2026-09-10 08:21:26.260 [Thread-4] GameCharacter checkReachGameWall:94 Character collided with the left game boundary at x=0
[DEBUG] Thu 2026-09-10 08:21:26.277 [Thread-4] GameCharacter checkReachGameWall:94 Character collided with the left game boundary at x=0
[DEBUG] Thu 2026-09-10 08:21:26.277 [Thread-4] GameCharacter checkReachGameWall:94 Character collided with the left game boundary at x=0
[DEBUG] Thu 2026-09-10 08:21:26.295 [Thread-4] GameCharacter checkReachGameWall:94 Character collided with the left game boundary at x=0
[DEBUG] Thu 2026-09-10 08:21:26.295 [Thread-4] GameCharacter checkReachGameWall:94 Character collided with the left game boundary at x=0
[DEBUG] Thu 2026-09-10 08:21:26.312 [Thread-4] GameCharacter checkReachGameWall:94 Character collided with the left game boundary at x=0
[DEBUG] Thu 2026-09-10 08:21:26.312 [Thread-4] GameCharacter checkReachGameWall:94 Character collided with the left game boundary at x=0
[DEBUG] Thu 2026-09-10 08:21:26.328 [Thread-4] GameCharacter checkReachGameWall:94 Character collided with the left game boundary at x=0
[DEBUG] Thu 2026-09-10 08:21:26.328 [Thread-4] GameCharacter checkReachGameWall:94 Character collided with the left game boundary at x=0
[DEBUG] Thu 2026-09-10 08:21:26.345 [Thread-4] GameCharacter checkReachGameWall:94 Character collided with the left game boundary at x=0
[DEBUG] Thu 2026-09-10 08:21:26.345 [Thread-4] GameCharacter checkReachGameWall:94 Character collided with the left game boundary at x=0
[DEBUG] Thu 2026-09-10 08:21:26.362 [Thread-4] GameCharacter checkReachGameWall:94 Character collided with the left game boundary at x=0
[DEBUG] Thu 2026-09-10 08:21:26.362 [Thread-4] GameCharacter checkReachGameWall:94 Character collided with the left game boundary at x=0
[DEBUG] Thu 2026-09-10 08:21:26.381 [Thread-4] GameCharacter checkReachGameWall:94 Character collided with the left game boundary at x=0
[DEBUG] Thu 2026-09-10 08:21:26.381 [Thread-4] GameCharacter checkReachGameWall:94 Character collided with the left game boundary at x=0
[DEBUG] Thu 2026-09-10 08:21:26.399 [Thread-4] GameCharacter checkReachGameWall:94 Character collided with the left game boundary at x=0
[DEBUG] Thu 2026-09-10 08:21:26.399 [Thread-4] GameCharacter checkReachGameWall:94 Character collided with the left game boundary at x=0
[DEBUG] Thu 2026-09-10 08:21:26.416 [Thread-4] GameCharacter checkReachGameWall:94 Character collided with the left game boundary at x=0
[DEBUG] Thu 2026-09-10 08:21:26.416 [Thread-4] GameCharacter checkReachGameWall:94 Character collided with the left game boundary at x=0
[DEBUG] Thu 2026-09-10 08:21:26.433 [Thread-4] GameCharacter checkReachGameWall:94 Character collided with the left game boundary at x=0
[DEBUG] Thu 2026-09-10 08:21:26.433 [Thread-4] GameCharacter checkReachGameWall:94 Character collided with the left game boundary at x=0
[DEBUG] Thu 2026-09-10 08:21:26.450 [Thread-4] GameCharacter checkReachGameWall:94 Character collided with the left game boundary at x=0
[DEBUG] Thu 2026-09-10 08:21:26.450 [Thread-4] GameCharacter checkReachGameWall:94 Character collided with the left game boundary at x=0
[DEBUG] Thu 2026-09-10 08:21:26.466 [Thread-4] GameCharacter checkReachGameWall:94 Character collided with the left game boundary at x=0
[DEBUG] Thu 2026-09-10 08:21:26.466 [Thread-4] GameCharacter checkReachGameWall:94 Character collided with the left game boundary at x=0
[DEBUG] Thu 2026-09-10 08:21:26.483 [Thread-4] GameCharacter checkReachGameWall:94 Character collided with the left game boundary at x=0
[DEBUG] Thu 2026-09-10 08:21:26.483 [Thread-4] GameCharacter checkReachGameWall:94 Character collided with the left game boundary at x=0
[DEBUG] Thu 2026-09-10 08:21:26.499 [Thread-4] GameCharacter checkReachGameWall:94 Character collided with the left game boundary at x=0
[DEBUG] Thu 2026-09-10 08:21:26.499 [Thread-4] GameCharacter checkReachGameWall:94 Character collided with the left game boundary at x=0
[DEBUG] Thu 2026-09-10 08:21:26.516 [Thread-4] GameCharacter checkReachGameWall:94 Character collided with the left game boundary at x=0
[DEBUG] Thu 2026-09-10 08:21:26.516 [Thread-4] GameCharacter checkReachGameWall:94 Character collided with the left game boundary at x=0
[DEBUG] Thu 2026-09-10 08:21:26.533 [Thread-4] GameCharacter checkReachGameWall:94 Character collided with the left game boundary at x=0
[DEBUG] Thu 2026-09-10 08:21:26.533 [Thread-4] GameCharacter checkReachGameWall:94 Character collided with the left game boundary at x=0
[DEBUG] Thu 2026-09-10 08:21:26.550 [Thread-4] GameCharacter checkReachGameWall:94 Character collided with the left game boundary at x=0
[DEBUG] Thu 2026-09-10 08:21:26.550 [Thread-4] GameCharacter checkReachGameWall:94 Character collided with the left game boundary at x=0
[DEBUG] Thu 2026-09-10 08:21:26.567 [Thread-4] GameCharacter checkReachGameWall:94 Character collided with the left game boundary at x=0
[DEBUG] Thu 2026-09-10 08:21:26.567 [Thread-4] GameCharacter checkReachGameWall:94 Character collided with the left game boundary at x=0
[DEBUG] Thu 2026-09-10 08:21:26.584 [Thread-4] GameCharacter checkReachGameWall:94 Character collided with the left game boundary at x=0
[DEBUG] Thu 2026-09-10 08:21:26.584 [Thread-4] GameCharacter checkReachGameWall:94 Character collided with the left game boundary at x=0
[DEBUG] Thu 2026-09-10 08:21:26.601 [Thread-4] GameCharacter checkReachGameWall:94 Character collided with the left game boundary at x=0
[DEBUG] Thu 2026-09-10 08:21:26.601 [Thread-4] GameCharacter checkReachGameWall:94 Character collided with the left game boundary at x=0
[DEBUG] Thu 2026-09-10 08:21:26.617 [Thread-4] GameCharacter checkReachGameWall:94 Character collided with the left game boundary at x=0
[DEBUG] Thu 2026-09-10 08:21:26.617 [Thread-4] GameCharacter checkReachGameWall:94 Character collided with the left game boundary at x=0
[DEBUG] Thu 2026-09-10 08:21:26.634 [Thread-4] GameCharacter checkReachGameWall:94 Character collided with the left game boundary at x=0
[DEBUG] Thu 2026-09-10 08:21:26.634 [Thread-4] GameCharacter checkReachGameWall:94 Character collided with the left game boundary at x=0
[DEBUG] Thu 2026-09-10 08:21:26.651 [Thread-4] GameCharacter checkReachGameWall:94 Character collided with the left game boundary at x=0
[DEBUG] Thu 2026-09-10 08:21:26.651 [Thread-4] GameCharacter checkReachGameWall:94 Character collided with the left game boundary at x=0
[DEBUG] Thu 2026-09-10 08:21:26.669 [Thread-4] GameCharacter checkReachGameWall:94 Character collided with the left game boundary at x=0
[DEBUG] Thu 2026-09-10 08:21:26.669 [Thread-4] GameCharacter checkReachGameWall:94 Character collided with the left game boundary at x=0
[DEBUG] Thu 2026-09-10 08:21:26.686 [Thread-4] GameCharacter checkReachGameWall:94 Character collided with the left game boundary at x=0
[DEBUG] Thu 2026-09-10 08:21:26.686 [Thread-4] GameCharacter checkReachGameWall:94 Character collided with the left game boundary at x=0
[DEBUG] Thu 2026-09-10 08:21:26.702 [Thread-4] GameCharacter checkReachGameWall:94 Character collided with the left game boundary at x=0
[DEBUG] Thu 2026-09-10 08:21:26.702 [Thread-4] GameCharacter checkReachGameWall:94 Character collided with the left game boundary at x=0
[DEBUG] Thu 2026-09-10 08:21:26.719 [Thread-4] GameCharacter checkReachGameWall:94 Character collided with the left game boundary at x=0
[DEBUG] Thu 2026-09-10 08:21:26.719 [Thread-4] GameCharacter checkReachGameWall:94 Character collided with the left game boundary at x=0
[DEBUG] Thu 2026-09-10 08:21:26.736 [Thread-4] GameCharacter checkReachGameWall:94 Character collided with the left game boundary at x=0
[DEBUG] Thu 2026-09-10 08:21:26.736 [Thread-4] GameCharacter checkReachGameWall:94 Character collided with the left game boundary at x=0
[DEBUG] Thu 2026-09-10 08:21:26.753 [Thread-4] GameCharacter checkReachGameWall:94 Character collided with the left game boundary at x=0
[DEBUG] Thu 2026-09-10 08:21:26.753 [Thread-4] GameCharacter checkReachGameWall:94 Character collided with the left game boundary at x=0
[DEBUG] Thu 2026-09-10 08:21:26.770 [Thread-4] GameCharacter checkReachGameWall:94 Character collided with the left game boundary at x=0
[DEBUG] Thu 2026-09-10 08:21:26.770 [Thread-4] GameCharacter checkReachGameWall:94 Character collided with the left game boundary at x=0
[DEBUG] Thu 2026-09-10 08:21:26.786 [Thread-4] GameCharacter checkReachGameWall:94 Character collided with the left game boundary at x=0
[DEBUG] Thu 2026-09-10 08:21:26.786 [Thread-4] GameCharacter checkReachGameWall:94 Character collided with the left game boundary at x=0
[DEBUG] Thu 2026-09-10 08:21:26.803 [Thread-4] GameCharacter checkReachGameWall:94 Character collided with the left game boundary at x=0
[DEBUG] Thu 2026-09-10 08:21:26.803 [Thread-4] GameCharacter checkReachGameWall:94 Character collided with the left game boundary at x=0
[DEBUG] Thu 2026-09-10 08:21:26.819 [Thread-4] GameCharacter checkReachGameWall:94 Character collided with the left game boundary at x=0
[DEBUG] Thu 2026-09-10 08:21:26.819 [Thread-4] GameCharacter checkReachGameWall:94 Character collided with the left game boundary at x=0
[DEBUG] Thu 2026-09-10 08:21:26.836 [Thread-4] GameCharacter checkReachGameWall:94 Character collided with the left game boundary at x=0
[DEBUG] Thu 2026-09-10 08:21:26.836 [Thread-4] GameCharacter checkReachGameWall:94 Character collided with the left game boundary at x=0
[DEBUG] Thu 2026-09-10 08:21:26.852 [Thread-4] GameCharacter checkReachGameWall:94 Character collided with the left game boundary at x=0
[DEBUG] Thu 2026-09-10 08:21:26.852 [Thread-4] GameCharacter checkReachGameWall:94 Character collided with the left game boundary at x=0
[DEBUG] Thu 2026-09-10 08:21:26.869 [Thread-4] GameCharacter checkReachGameWall:94 Character collided with the left game boundary at x=0
[DEBUG] Thu 2026-09-10 08:21:26.869 [Thread-4] GameCharacter checkReachGameWall:94 Character collided with the left game boundary at x=0
[DEBUG] Thu 2026-09-10 08:21:26.886 [Thread-4] GameCharacter checkReachGameWall:94 Character collided with the left game boundary at x=0
[DEBUG] Thu 2026-09-10 08:21:26.886 [Thread-4] GameCharacter checkReachGameWall:94 Character collided with the left game boundary at x=0
[DEBUG] Thu 2026-09-10 08:21:26.902 [Thread-4] GameCharacter checkReachGameWall:94 Character collided with the left game boundary at x=0
[DEBUG] Thu 2026-09-10 08:21:26.902 [Thread-4] GameCharacter checkReachGameWall:94 Character collided with the left game boundary at x=0
[DEBUG] Thu 2026-09-10 08:21:26.919 [Thread-4] GameCharacter checkReachGameWall:94 Character collided with the left game boundary at x=0
[DEBUG] Thu 2026-09-10 08:21:26.919 [Thread-4] GameCharacter checkReachGameWall:94 Character collided with the left game boundary at x=0
[DEBUG] Thu 2026-09-10 08:21:26.936 [Thread-4] GameCharacter checkReachGameWall:94 Character collided with the left game boundary at x=0
[DEBUG] Thu 2026-09-10 08:21:26.936 [Thread-4] GameCharacter checkReachGameWall:94 Character collided with the left game boundary at x=0
[DEBUG] Thu 2026-09-10 08:21:26.953 [Thread-4] GameCharacter checkReachGameWall:94 Character collided with the left game boundary at x=0
[DEBUG] Thu 2026-09-10 08:21:26.953 [Thread-4] GameCharacter checkReachGameWall:94 Character collided with the left game boundary at x=0
[DEBUG] Thu 2026-09-10 08:21:26.970 [Thread-4] GameCharacter checkReachGameWall:94 Character collided with the left game boundary at x=0
[DEBUG] Thu 2026-09-10 08:21:26.970 [Thread-4] GameCharacter checkReachGameWall:94 Character collided with the left game boundary at x=0
[DEBUG] Thu 2026-09-10 08:21:26.988 [Thread-4] GameCharacter checkReachGameWall:94 Character collided with the left game boundary at x=0
[DEBUG] Thu 2026-09-10 08:21:26.988 [Thread-4] GameCharacter checkReachGameWall:94 Character collided with the left game boundary at x=0
[DEBUG] Thu 2026-09-10 08:21:27.005 [Thread-4] GameCharacter checkReachGameWall:94 Character collided with the left game boundary at x=0
[ INFO] Thu 2026-09-10 08:21:27.005 [Thread-3] GameCharacter trace:131 x:0 y:240 vx:5 vy:0
[DEBUG] Thu 2026-09-10 08:21:27.005 [Thread-4] GameCharacter checkReachGameWall:94 Character collided with the left game boundary at x=0
[DEBUG] Thu 2026-09-10 08:21:27.022 [Thread-4] GameCharacter checkReachGameWall:94 Character collided with the left game boundary at x=0
[DEBUG] Thu 2026-09-10 08:21:27.038 [Thread-4] GameCharacter checkReachGameWall:94 Character collided with the left game boundary at x=0
[DEBUG] Thu 2026-09-10 08:21:27.055 [Thread-4] GameCharacter checkReachGameWall:94 Character collided with the left game boundary at x=0
[DEBUG] Thu 2026-09-10 08:21:27.071 [Thread-4] GameCharacter checkReachGameWall:94 Character collided with the left game boundary at x=0
[DEBUG] Thu 2026-09-10 08:21:27.090 [Thread-4] GameCharacter checkReachGameWall:94 Character collided with the left game boundary at x=0
[ INFO] Thu 2026-09-10 08:21:27.106 [Thread-3] GameCharacter trace:131 x:30 y:240 vx:5 vy:0
[DEBUG] Thu 2026-09-10 08:21:27.108 [Thread-4] GameCharacter checkReachGameWall:94 Character collided with the left game boundary at x=0
[DEBUG] Thu 2026-09-10 08:21:27.124 [Thread-4] GameCharacter checkReachGameWall:94 Character collided with the left game boundary at x=0
[DEBUG] Thu 2026-09-10 08:21:27.141 [Thread-4] GameCharacter checkReachGameWall:94 Character collided with the left game boundary at x=0
[DEBUG] Thu 2026-09-10 08:21:27.158 [Thread-4] GameCharacter checkReachGameWall:94 Character collided with the left game boundary at x=0
[DEBUG] Thu 2026-09-10 08:21:27.174 [Thread-4] GameCharacter checkReachGameWall:94 Character collided with the left game boundary at x=0
[DEBUG] Thu 2026-09-10 08:21:27.191 [Thread-4] GameCharacter checkReachGameWall:94 Character collided with the left game boundary at x=0
[ INFO] Thu 2026-09-10 08:21:27.207 [Thread-3] GameCharacter trace:131 x:60 y:240 vx:5 vy:0
[DEBUG] Thu 2026-09-10 08:21:27.208 [Thread-4] GameCharacter checkReachGameWall:94 Character collided with the left game boundary at x=0
[DEBUG] Thu 2026-09-10 08:21:27.224 [Thread-4] GameCharacter checkReachGameWall:94 Character collided with the left game boundary at x=0
[DEBUG] Thu 2026-09-10 08:21:27.240 [Thread-4] GameCharacter checkReachGameWall:94 Character collided with the left game boundary at x=0
[DEBUG] Thu 2026-09-10 08:21:27.257 [Thread-4] GameCharacter checkReachGameWall:94 Character collided with the left game boundary at x=0
[DEBUG] Thu 2026-09-10 08:21:27.273 [Thread-4] GameCharacter checkReachGameWall:94 Character collided with the left game boundary at x=0
[DEBUG] Thu 2026-09-10 08:21:27.290 [Thread-4] GameCharacter checkReachGameWall:94 Character collided with the left game boundary at x=0
[DEBUG] Thu 2026-09-10 08:21:27.307 [Thread-4] GameCharacter checkReachGameWall:94 Character collided with the left game boundary at x=0
[ INFO] Thu 2026-09-10 08:21:27.307 [Thread-3] GameCharacter trace:131 x:90 y:240 vx:5 vy:0
[DEBUG] Thu 2026-09-10 08:21:27.324 [Thread-4] GameCharacter checkReachGameWall:94 Character collided with the left game boundary at x=0
[DEBUG] Thu 2026-09-10 08:21:27.341 [Thread-4] GameCharacter checkReachGameWall:94 Character collided with the left game boundary at x=0
[DEBUG] Thu 2026-09-10 08:21:27.357 [Thread-4] GameCharacter checkReachGameWall:94 Character collided with the left game boundary at x=0
[DEBUG] Thu 2026-09-10 08:21:27.373 [Thread-4] GameCharacter checkReachGameWall:94 Character collided with the left game boundary at x=0
[DEBUG] Thu 2026-09-10 08:21:27.391 [Thread-4] GameCharacter checkReachGameWall:94 Character collided with the left game boundary at x=0
[DEBUG] Thu 2026-09-10 08:21:27.407 [Thread-4] GameCharacter checkReachGameWall:94 Character collided with the left game boundary at x=0
[DEBUG] Thu 2026-09-10 08:21:27.425 [Thread-4] GameCharacter checkReachGameWall:94 Character collided with the left game boundary at x=0
[DEBUG] Thu 2026-09-10 08:21:27.442 [Thread-4] GameCharacter checkReachGameWall:94 Character collided with the left game boundary at x=0
[DEBUG] Thu 2026-09-10 08:21:27.458 [Thread-4] GameCharacter checkReachGameWall:94 Character collided with the left game boundary at x=0
[DEBUG] Thu 2026-09-10 08:21:27.475 [Thread-4] GameCharacter checkReachGameWall:94 Character collided with the left game boundary at x=0
[DEBUG] Thu 2026-09-10 08:21:27.492 [Thread-4] GameCharacter checkReachGameWall:94 Character collided with the left game boundary at x=0
[DEBUG] Thu 2026-09-10 08:21:27.508 [Thread-4] GameCharacter checkReachGameWall:94 Character collided with the left game boundary at x=0
[DEBUG] Thu 2026-09-10 08:21:27.526 [Thread-4] GameCharacter checkReachGameWall:94 Character collided with the left game boundary at x=0
[DEBUG] Thu 2026-09-10 08:21:27.543 [Thread-4] GameCharacter checkReachGameWall:94 Character collided with the left game boundary at x=0
[DEBUG] Thu 2026-09-10 08:21:27.559 [Thread-4] GameCharacter checkReachGameWall:94 Character collided with the left game boundary at x=0
[DEBUG] Thu 2026-09-10 08:21:27.576 [Thread-4] GameCharacter checkReachGameWall:94 Character collided with the left game boundary at x=0
[DEBUG] Thu 2026-09-10 08:21:27.593 [Thread-4] GameCharacter checkReachGameWall:94 Character collided with the left game boundary at x=0
[DEBUG] Thu 2026-09-10 08:21:27.610 [Thread-4] GameCharacter checkReachGameWall:94 Character collided with the left game boundary at x=0
[DEBUG] Thu 2026-09-10 08:21:27.626 [Thread-4] GameCharacter checkReachGameWall:94 Character collided with the left game boundary at x=0
[DEBUG] Thu 2026-09-10 08:21:27.643 [Thread-4] GameCharacter checkReachGameWall:94 Character collided with the left game boundary at x=0
[DEBUG] Thu 2026-09-10 08:21:27.660 [Thread-4] GameCharacter checkReachGameWall:94 Character collided with the left game boundary at x=0
[DEBUG] Thu 2026-09-10 08:21:27.676 [Thread-4] GameCharacter checkReachGameWall:94 Character collided with the left game boundary at x=0
[DEBUG] Thu 2026-09-10 08:21:27.693 [Thread-4] GameCharacter checkReachGameWall:94 Character collided with the left game boundary at x=0
[DEBUG] Thu 2026-09-10 08:21:27.709 [Thread-4] GameCharacter checkReachGameWall:94 Character collided with the left game boundary at x=0
[DEBUG] Thu 2026-09-10 08:21:27.728 [Thread-4] GameCharacter checkReachGameWall:94 Character collided with the left game boundary at x=0
[DEBUG] Thu 2026-09-10 08:21:27.744 [Thread-4] GameCharacter checkReachGameWall:94 Character collided with the left game boundary at x=0
[DEBUG] Thu 2026-09-10 08:21:27.761 [Thread-4] GameCharacter checkReachGameWall:94 Character collided with the left game boundary at x=0
[DEBUG] Thu 2026-09-10 08:21:27.777 [Thread-4] GameCharacter checkReachGameWall:94 Character collided with the left game boundary at x=0
[DEBUG] Thu 2026-09-10 08:21:27.795 [Thread-4] GameCharacter checkReachGameWall:94 Character collided with the left game boundary at x=0
[DEBUG] Thu 2026-09-10 08:21:27.812 [Thread-4] GameCharacter checkReachGameWall:94 Character collided with the left game boundary at x=0
[DEBUG] Thu 2026-09-10 08:21:27.829 [Thread-4] GameCharacter checkReachGameWall:94 Character collided with the left game boundary at x=0
[DEBUG] Thu 2026-09-10 08:21:27.847 [Thread-4] GameCharacter checkReachGameWall:94 Character collided with the left game boundary at x=0
[DEBUG] Thu 2026-09-10 08:21:27.863 [Thread-4] GameCharacter checkReachGameWall:94 Character collided with the left game boundary at x=0
[DEBUG] Thu 2026-09-10 08:21:27.880 [Thread-4] GameCharacter checkReachGameWall:94 Character collided with the left game boundary at x=0
[DEBUG] Thu 2026-09-10 08:21:27.898 [Thread-4] GameCharacter checkReachGameWall:94 Character collided with the left game boundary at x=0
[DEBUG] Thu 2026-09-10 08:21:27.915 [Thread-4] GameCharacter checkReachGameWall:94 Character collided with the left game boundary at x=0
[DEBUG] Thu 2026-09-10 08:21:27.932 [Thread-4] GameCharacter checkReachGameWall:94 Character collided with the left game boundary at x=0
[DEBUG] Thu 2026-09-10 08:21:27.949 [Thread-4] GameCharacter checkReachGameWall:94 Character collided with the left game boundary at x=0
[DEBUG] Thu 2026-09-10 08:21:27.966 [Thread-4] GameCharacter checkReachGameWall:94 Character collided with the left game boundary at x=0
[DEBUG] Thu 2026-09-10 08:21:27.983 [Thread-4] GameCharacter checkReachGameWall:94 Character collided with the left game boundary at x=0
[DEBUG] Thu 2026-09-10 08:21:28.001 [Thread-4] GameCharacter checkReachGameWall:94 Character collided with the left game boundary at x=0
[DEBUG] Thu 2026-09-10 08:21:28.018 [Thread-4] GameCharacter checkReachGameWall:94 Character collided with the left game boundary at x=0
[DEBUG] Thu 2026-09-10 08:21:28.034 [Thread-4] GameCharacter checkReachGameWall:94 Character collided with the left game boundary at x=0
[DEBUG] Thu 2026-09-10 08:21:28.051 [Thread-4] GameCharacter checkReachGameWall:94 Character collided with the left game boundary at x=0
[DEBUG] Thu 2026-09-10 08:21:28.068 [Thread-4] GameCharacter checkReachGameWall:94 Character collided with the left game boundary at x=0
[DEBUG] Thu 2026-09-10 08:21:28.085 [Thread-4] GameCharacter checkReachGameWall:94 Character collided with the left game boundary at x=0
[DEBUG] Thu 2026-09-10 08:21:28.102 [Thread-4] GameCharacter checkReachGameWall:94 Character collided with the left game boundary at x=0
[DEBUG] Thu 2026-09-10 08:21:28.118 [Thread-4] GameCharacter checkReachGameWall:94 Character collided with the left game boundary at x=0
[DEBUG] Thu 2026-09-10 08:21:28.135 [Thread-4] GameCharacter checkReachGameWall:94 Character collided with the left game boundary at x=0
[DEBUG] Thu 2026-09-10 08:21:28.152 [Thread-4] GameCharacter checkReachGameWall:94 Character collided with the left game boundary at x=0
[DEBUG] Thu 2026-09-10 08:21:28.169 [Thread-4] GameCharacter checkReachGameWall:94 Character collided with the left game boundary at x=0
[DEBUG] Thu 2026-09-10 08:21:28.186 [Thread-4] GameCharacter checkReachGameWall:94 Character collided with the left game boundary at x=0
[DEBUG] Thu 2026-09-10 08:21:28.203 [Thread-4] GameCharacter checkReachGameWall:94 Character collided with the left game boundary at x=0
[DEBUG] Thu 2026-09-10 08:21:28.219 [Thread-4] GameCharacter checkReachGameWall:94 Character collided with the left game boundary at x=0
[DEBUG] Thu 2026-09-10 08:21:28.236 [Thread-4] GameCharacter checkReachGameWall:94 Character collided with the left game boundary at x=0
[DEBUG] Thu 2026-09-10 08:21:28.254 [Thread-4] GameCharacter checkReachGameWall:94 Character collided with the left game boundary at x=0
[DEBUG] Thu 2026-09-10 08:21:28.272 [Thread-4] GameCharacter checkReachGameWall:94 Character collided with the left game boundary at x=0
[DEBUG] Thu 2026-09-10 08:21:28.289 [Thread-4] GameCharacter checkReachGameWall:94 Character collided with the left game boundary at x=0
[DEBUG] Thu 2026-09-10 08:21:28.305 [Thread-4] GameCharacter checkReachGameWall:94 Character collided with the left game boundary at x=0
[DEBUG] Thu 2026-09-10 08:21:28.322 [Thread-4] GameCharacter checkReachGameWall:94 Character collided with the left game boundary at x=0
[DEBUG] Thu 2026-09-10 08:21:28.339 [Thread-4] GameCharacter checkReachGameWall:94 Character collided with the left game boundary at x=0
[DEBUG] Thu 2026-09-10 08:21:28.356 [Thread-4] GameCharacter checkReachGameWall:94 Character collided with the left game boundary at x=0
[DEBUG] Thu 2026-09-10 08:21:28.373 [Thread-4] GameCharacter checkReachGameWall:94 Character collided with the left game boundary at x=0
[DEBUG] Thu 2026-09-10 08:21:28.391 [Thread-4] GameCharacter checkReachGameWall:94 Character collided with the left game boundary at x=0
[DEBUG] Thu 2026-09-10 08:21:28.408 [Thread-4] GameCharacter checkReachGameWall:94 Character collided with the left game boundary at x=0
[DEBUG] Thu 2026-09-10 08:21:28.425 [Thread-4] GameCharacter checkReachGameWall:94 Character collided with the left game boundary at x=0
[DEBUG] Thu 2026-09-10 08:21:28.441 [Thread-4] GameCharacter checkReachGameWall:94 Character collided with the left game boundary at x=0
[DEBUG] Thu 2026-09-10 08:21:28.458 [Thread-4] GameCharacter checkReachGameWall:94 Character collided with the left game boundary at x=0
[DEBUG] Thu 2026-09-10 08:21:28.475 [Thread-4] GameCharacter checkReachGameWall:94 Character collided with the left game boundary at x=0
[DEBUG] Thu 2026-09-10 08:21:28.492 [Thread-4] GameCharacter checkReachGameWall:94 Character collided with the left game boundary at x=0
[DEBUG] Thu 2026-09-10 08:21:28.508 [Thread-4] GameCharacter checkReachGameWall:94 Character collided with the left game boundary at x=0
[DEBUG] Thu 2026-09-10 08:21:28.525 [Thread-4] GameCharacter checkReachGameWall:94 Character collided with the left game boundary at x=0
[DEBUG] Thu 2026-09-10 08:21:28.542 [Thread-4] GameCharacter checkReachGameWall:94 Character collided with the left game boundary at x=0
[DEBUG] Thu 2026-09-10 08:21:28.559 [Thread-4] GameCharacter checkReachGameWall:94 Character collided with the left game boundary at x=0
[DEBUG] Thu 2026-09-10 08:21:28.576 [Thread-4] GameCharacter checkReachGameWall:94 Character collided with the left game boundary at x=0
[DEBUG] Thu 2026-09-10 08:21:28.593 [Thread-4] GameCharacter checkReachGameWall:94 Character collided with the left game boundary at x=0
[DEBUG] Thu 2026-09-10 08:21:28.610 [Thread-4] GameCharacter checkReachGameWall:94 Character collided with the left game boundary at x=0
[DEBUG] Thu 2026-09-10 08:21:28.627 [Thread-4] GameCharacter checkReachGameWall:94 Character collided with the left game boundary at x=0
[DEBUG] Thu 2026-09-10 08:21:28.644 [Thread-4] GameCharacter checkReachGameWall:94 Character collided with the left game boundary at x=0
[DEBUG] Thu 2026-09-10 08:21:28.661 [Thread-4] GameCharacter checkReachGameWall:94 Character collided with the left game boundary at x=0
[DEBUG] Thu 2026-09-10 08:21:28.678 [Thread-4] GameCharacter checkReachGameWall:94 Character collided with the left game boundary at x=0
[DEBUG] Thu 2026-09-10 08:21:28.694 [Thread-4] GameCharacter checkReachGameWall:94 Character collided with the left game boundary at x=0
[DEBUG] Thu 2026-09-10 08:21:28.711 [Thread-4] GameCharacter checkReachGameWall:94 Character collided with the left game boundary at x=0
[DEBUG] Thu 2026-09-10 08:21:28.728 [Thread-4] GameCharacter checkReachGameWall:94 Character collided with the left game boundary at x=0
[DEBUG] Thu 2026-09-10 08:21:28.745 [Thread-4] GameCharacter checkReachGameWall:94 Character collided with the left game boundary at x=0
[DEBUG] Thu 2026-09-10 08:21:28.762 [Thread-4] GameCharacter checkReachGameWall:94 Character collided with the left game boundary at x=0
[DEBUG] Thu 2026-09-10 08:21:28.778 [Thread-4] GameCharacter checkReachGameWall:94 Character collided with the left game boundary at x=0
[DEBUG] Thu 2026-09-10 08:21:28.795 [Thread-4] GameCharacter checkReachGameWall:94 Character collided with the left game boundary at x=0
[DEBUG] Thu 2026-09-10 08:21:28.812 [Thread-4] GameCharacter checkReachGameWall:94 Character collided with the left game boundary at x=0
[DEBUG] Thu 2026-09-10 08:21:28.829 [Thread-4] GameCharacter checkReachGameWall:94 Character collided with the left game boundary at x=0
[DEBUG] Thu 2026-09-10 08:21:28.846 [Thread-4] GameCharacter checkReachGameWall:94 Character collided with the left game boundary at x=0
[DEBUG] Thu 2026-09-10 08:21:28.862 [Thread-4] GameCharacter checkReachGameWall:94 Character collided with the left game boundary at x=0
[DEBUG] Thu 2026-09-10 08:21:28.879 [Thread-4] GameCharacter checkReachGameWall:94 Character collided with the left game boundary at x=0
[DEBUG] Thu 2026-09-10 08:21:28.897 [Thread-4] GameCharacter checkReachGameWall:94 Character collided with the left game boundary at x=0
[DEBUG] Thu 2026-09-10 08:21:28.913 [Thread-4] GameCharacter checkReachGameWall:94 Character collided with the left game boundary at x=0
[DEBUG] Thu 2026-09-10 08:21:28.932 [Thread-4] GameCharacter checkReachGameWall:94 Character collided with the left game boundary at x=0
[DEBUG] Thu 2026-09-10 08:21:28.950 [Thread-4] GameCharacter checkReachGameWall:94 Character collided with the left game boundary at x=0
[DEBUG] Thu 2026-09-10 08:21:28.967 [Thread-4] GameCharacter checkReachGameWall:94 Character collided with the left game boundary at x=0
[DEBUG] Thu 2026-09-10 08:21:28.984 [Thread-4] GameCharacter checkReachGameWall:94 Character collided with the left game boundary at x=0
[DEBUG] Thu 2026-09-10 08:21:29.001 [Thread-4] GameCharacter checkReachGameWall:94 Character collided with the left game boundary at x=0
[DEBUG] Thu 2026-09-10 08:21:29.018 [Thread-4] GameCharacter checkReachGameWall:94 Character collided with the left game boundary at x=0
[DEBUG] Thu 2026-09-10 08:21:29.035 [Thread-4] GameCharacter checkReachGameWall:94 Character collided with the left game boundary at x=0
[DEBUG] Thu 2026-09-10 08:21:29.052 [Thread-4] GameCharacter checkReachGameWall:94 Character collided with the left game boundary at x=0
[DEBUG] Thu 2026-09-10 08:21:29.069 [Thread-4] GameCharacter checkReachGameWall:94 Character collided with the left game boundary at x=0
[DEBUG] Thu 2026-09-10 08:21:29.086 [Thread-4] GameCharacter checkReachGameWall:94 Character collided with the left game boundary at x=0
[DEBUG] Thu 2026-09-10 08:21:29.103 [Thread-4] GameCharacter checkReachGameWall:94 Character collided with the left game boundary at x=0
[DEBUG] Thu 2026-09-10 08:21:29.121 [Thread-4] GameCharacter checkReachGameWall:94 Character collided with the left game boundary at x=0
[DEBUG] Thu 2026-09-10 08:21:29.138 [Thread-4] GameCharacter checkReachGameWall:94 Character collided with the left game boundary at x=0
[DEBUG] Thu 2026-09-10 08:21:29.154 [Thread-4] GameCharacter checkReachGameWall:94 Character collided with the left game boundary at x=0
[DEBUG] Thu 2026-09-10 08:21:29.172 [Thread-4] GameCharacter checkReachGameWall:94 Character collided with the left game boundary at x=0
[DEBUG] Thu 2026-09-10 08:21:29.191 [Thread-4] GameCharacter checkReachGameWall:94 Character collided with the left game boundary at x=0
[DEBUG] Thu 2026-09-10 08:21:29.207 [Thread-4] GameCharacter checkReachGameWall:94 Character collided with the left game boundary at x=0
[DEBUG] Thu 2026-09-10 08:21:29.224 [Thread-4] GameCharacter checkReachGameWall:94 Character collided with the left game boundary at x=0
[DEBUG] Thu 2026-09-10 08:21:29.241 [Thread-4] GameCharacter checkReachGameWall:94 Character collided with the left game boundary at x=0
[DEBUG] Thu 2026-09-10 08:21:29.257 [Thread-4] GameCharacter checkReachGameWall:94 Character collided with the left game boundary at x=0
[DEBUG] Thu 2026-09-10 08:21:29.274 [Thread-4] GameCharacter checkReachGameWall:94 Character collided with the left game boundary at x=0
[DEBUG] Thu 2026-09-10 08:21:29.291 [Thread-4] GameCharacter checkReachGameWall:94 Character collided with the left game boundary at x=0
[DEBUG] Thu 2026-09-10 08:21:29.308 [Thread-4] GameCharacter checkReachGameWall:94 Character collided with the left game boundary at x=0
[DEBUG] Thu 2026-09-10 08:21:29.325 [Thread-4] GameCharacter checkReachGameWall:94 Character collided with the left game boundary at x=0
[DEBUG] Thu 2026-09-10 08:21:29.342 [Thread-4] GameCharacter checkReachGameWall:94 Character collided with the left game boundary at x=0
[DEBUG] Thu 2026-09-10 08:21:29.359 [Thread-4] GameCharacter checkReachGameWall:94 Character collided with the left game boundary at x=0
[DEBUG] Thu 2026-09-10 08:21:29.375 [Thread-4] GameCharacter checkReachGameWall:94 Character collided with the left game boundary at x=0
[DEBUG] Thu 2026-09-10 08:21:29.392 [Thread-4] GameCharacter checkReachGameWall:94 Character collided with the left game boundary at x=0
[DEBUG] Thu 2026-09-10 08:21:29.408 [Thread-4] GameCharacter checkReachGameWall:94 Character collided with the left game boundary at x=0
[DEBUG] Thu 2026-09-10 08:21:29.426 [Thread-4] GameCharacter checkReachGameWall:94 Character collided with the left game boundary at x=0
[DEBUG] Thu 2026-09-10 08:21:29.443 [Thread-4] GameCharacter checkReachGameWall:94 Character collided with the left game boundary at x=0
[DEBUG] Thu 2026-09-10 08:21:29.459 [Thread-4] GameCharacter checkReachGameWall:94 Character collided with the left game boundary at x=0
[DEBUG] Thu 2026-09-10 08:21:29.476 [Thread-4] GameCharacter checkReachGameWall:94 Character collided with the left game boundary at x=0
[DEBUG] Thu 2026-09-10 08:21:29.493 [Thread-4] GameCharacter checkReachGameWall:94 Character collided with the left game boundary at x=0
[DEBUG] Thu 2026-09-10 08:21:29.512 [Thread-4] GameCharacter checkReachGameWall:94 Character collided with the left game boundary at x=0
[DEBUG] Thu 2026-09-10 08:21:29.529 [Thread-4] GameCharacter checkReachGameWall:94 Character collided with the left game boundary at x=0
[DEBUG] Thu 2026-09-10 08:21:29.546 [Thread-4] GameCharacter checkReachGameWall:94 Character collided with the left game boundary at x=0
[DEBUG] Thu 2026-09-10 08:21:29.563 [Thread-4] GameCharacter checkReachGameWall:94 Character collided with the left game boundary at x=0
[DEBUG] Thu 2026-09-10 08:21:29.579 [Thread-4] GameCharacter checkReachGameWall:94 Character collided with the left game boundary at x=0
[DEBUG] Thu 2026-09-10 08:21:29.597 [Thread-4] GameCharacter checkReachGameWall:94 Character collided with the left game boundary at x=0
[DEBUG] Thu 2026-09-10 08:21:29.615 [Thread-4] GameCharacter checkReachGameWall:94 Character collided with the left game boundary at x=0
[DEBUG] Thu 2026-09-10 08:21:29.632 [Thread-4] GameCharacter checkReachGameWall:94 Character collided with the left game boundary at x=0
[DEBUG] Thu 2026-09-10 08:21:29.649 [Thread-4] GameCharacter checkReachGameWall:94 Character collided with the left game boundary at x=0
[DEBUG] Thu 2026-09-10 08:21:29.666 [Thread-4] GameCharacter checkReachGameWall:94 Character collided with the left game boundary at x=0
[DEBUG] Thu 2026-09-10 08:21:29.683 [Thread-4] GameCharacter checkReachGameWall:94 Character collided with the left game boundary at x=0
[DEBUG] Thu 2026-09-10 08:21:29.700 [Thread-4] GameCharacter checkReachGameWall:94 Character collided with the left game boundary at x=0
[DEBUG] Thu 2026-09-10 08:21:29.717 [Thread-4] GameCharacter checkReachGameWall:94 Character collided with the left game boundary at x=0
[DEBUG] Thu 2026-09-10 08:21:29.734 [Thread-4] GameCharacter checkReachGameWall:94 Character collided with the left game boundary at x=0
[DEBUG] Thu 2026-09-10 08:21:29.752 [Thread-4] GameCharacter checkReachGameWall:94 Character collided with the left game boundary at x=0
[DEBUG] Thu 2026-09-10 08:21:29.768 [Thread-4] GameCharacter checkReachGameWall:94 Character collided with the left game boundary at x=0
[DEBUG] Thu 2026-09-10 08:21:29.785 [Thread-4] GameCharacter checkReachGameWall:94 Character collided with the left game boundary at x=0
[DEBUG] Thu 2026-09-10 08:21:29.802 [Thread-4] GameCharacter checkReachGameWall:94 Character collided with the left game boundary at x=0
[DEBUG] Thu 2026-09-10 08:21:29.819 [Thread-4] GameCharacter checkReachGameWall:94 Character collided with the left game boundary at x=0
[DEBUG] Thu 2026-09-10 08:21:29.836 [Thread-4] GameCharacter checkReachGameWall:94 Character collided with the left game boundary at x=0
[DEBUG] Thu 2026-09-10 08:21:29.853 [Thread-4] GameCharacter checkReachGameWall:94 Character collided with the left game boundary at x=0
[DEBUG] Thu 2026-09-10 08:21:29.871 [Thread-4] GameCharacter checkReachGameWall:94 Character collided with the left game boundary at x=0
[DEBUG] Thu 2026-09-10 08:21:29.888 [Thread-4] GameCharacter checkReachGameWall:94 Character collided with the left game boundary at x=0
[DEBUG] Thu 2026-09-10 08:21:29.905 [Thread-4] GameCharacter checkReachGameWall:94 Character collided with the left game boundary at x=0
[DEBUG] Thu 2026-09-10 08:21:29.922 [Thread-4] GameCharacter checkReachGameWall:94 Character collided with the left game boundary at x=0
[DEBUG] Thu 2026-09-10 08:21:29.939 [Thread-4] GameCharacter checkReachGameWall:94 Character collided with the left game boundary at x=0
[DEBUG] Thu 2026-09-10 08:21:29.955 [Thread-4] GameCharacter checkReachGameWall:94 Character collided with the left game boundary at x=0
[DEBUG] Thu 2026-09-10 08:21:29.972 [Thread-4] GameCharacter checkReachGameWall:94 Character collided with the left game boundary at x=0
[DEBUG] Thu 2026-09-10 08:21:29.989 [Thread-4] GameCharacter checkReachGameWall:94 Character collided with the left game boundary at x=0
[DEBUG] Thu 2026-09-10 08:21:30.006 [Thread-4] GameCharacter checkReachGameWall:94 Character collided with the left game boundary at x=0
[DEBUG] Thu 2026-09-10 08:21:30.023 [Thread-4] GameCharacter checkReachGameWall:94 Character collided with the left game boundary at x=0
[DEBUG] Thu 2026-09-10 08:21:30.039 [Thread-4] GameCharacter checkReachGameWall:94 Character collided with the left game boundary at x=0
[DEBUG] Thu 2026-09-10 08:21:30.057 [Thread-4] GameCharacter checkReachGameWall:94 Character collided with the left game boundary at x=0
[DEBUG] Thu 2026-09-10 08:21:30.074 [Thread-4] GameCharacter checkReachGameWall:94 Character collided with the left game boundary at x=0
[DEBUG] Thu 2026-09-10 08:21:30.091 [Thread-4] GameCharacter checkReachGameWall:94 Character collided with the left game boundary at x=0
[DEBUG] Thu 2026-09-10 08:21:30.108 [Thread-4] GameCharacter checkReachGameWall:94 Character collided with the left game boundary at x=0
[DEBUG] Thu 2026-09-10 08:21:30.124 [Thread-4] GameCharacter checkReachGameWall:94 Character collided with the left game boundary at x=0
[DEBUG] Thu 2026-09-10 08:21:30.142 [Thread-4] GameCharacter checkReachGameWall:94 Character collided with the left game boundary at x=0
[DEBUG] Thu 2026-09-10 08:21:30.159 [Thread-4] GameCharacter checkReachGameWall:94 Character collided with the left game boundary at x=0
[DEBUG] Thu 2026-09-10 08:21:30.175 [Thread-4] GameCharacter checkReachGameWall:94 Character collided with the left game boundary at x=0
[DEBUG] Thu 2026-09-10 08:21:30.192 [Thread-4] GameCharacter checkReachGameWall:94 Character collided with the left game boundary at x=0
[DEBUG] Thu 2026-09-10 08:21:30.209 [Thread-4] GameCharacter checkReachGameWall:94 Character collided with the left game boundary at x=0
[DEBUG] Thu 2026-09-10 08:21:30.226 [Thread-4] GameCharacter checkReachGameWall:94 Character collided with the left game boundary at x=0
[DEBUG] Thu 2026-09-10 08:21:30.243 [Thread-4] GameCharacter checkReachGameWall:94 Character collided with the left game boundary at x=0
[DEBUG] Thu 2026-09-10 08:21:30.260 [Thread-4] GameCharacter checkReachGameWall:94 Character collided with the left game boundary at x=0
[DEBUG] Thu 2026-09-10 08:21:30.276 [Thread-4] GameCharacter checkReachGameWall:94 Character collided with the left game boundary at x=0
[DEBUG] Thu 2026-09-10 08:21:30.293 [Thread-4] GameCharacter checkReachGameWall:94 Character collided with the left game boundary at x=0
[DEBUG] Thu 2026-09-10 08:21:30.311 [Thread-4] GameCharacter checkReachGameWall:94 Character collided with the left game boundary at x=0
[DEBUG] Thu 2026-09-10 08:21:30.328 [Thread-4] GameCharacter checkReachGameWall:94 Character collided with the left game boundary at x=0
[DEBUG] Thu 2026-09-10 08:21:30.345 [Thread-4] GameCharacter checkReachGameWall:94 Character collided with the left game boundary at x=0
[DEBUG] Thu 2026-09-10 08:21:30.362 [Thread-4] GameCharacter checkReachGameWall:94 Character collided with the left game boundary at x=0
[DEBUG] Thu 2026-09-10 08:21:30.379 [Thread-4] GameCharacter checkReachGameWall:94 Character collided with the left game boundary at x=0
[DEBUG] Thu 2026-09-10 08:21:30.396 [Thread-4] GameCharacter checkReachGameWall:94 Character collided with the left game boundary at x=0
[DEBUG] Thu 2026-09-10 08:21:30.413 [Thread-4] GameCharacter checkReachGameWall:94 Character collided with the left game boundary at x=0
[DEBUG] Thu 2026-09-10 08:21:30.430 [Thread-4] GameCharacter checkReachGameWall:94 Character collided with the left game boundary at x=0
[DEBUG] Thu 2026-09-10 08:21:30.447 [Thread-4] GameCharacter checkReachGameWall:94 Character collided with the left game boundary at x=0
[DEBUG] Thu 2026-09-10 08:21:30.465 [Thread-4] GameCharacter checkReachGameWall:94 Character collided with the left game boundary at x=0
[DEBUG] Thu 2026-09-10 08:21:30.481 [Thread-4] GameCharacter checkReachGameWall:94 Character collided with the left game boundary at x=0
[DEBUG] Thu 2026-09-10 08:21:30.498 [Thread-4] GameCharacter checkReachGameWall:94 Character collided with the left game boundary at x=0
[DEBUG] Thu 2026-09-10 08:21:30.514 [Thread-4] GameCharacter checkReachGameWall:94 Character collided with the left game boundary at x=0
[DEBUG] Thu 2026-09-10 08:21:30.532 [Thread-4] GameCharacter checkReachGameWall:94 Character collided with the left game boundary at x=0
[DEBUG] Thu 2026-09-10 08:21:30.549 [Thread-4] GameCharacter checkReachGameWall:94 Character collided with the left game boundary at x=0
[DEBUG] Thu 2026-09-10 08:21:30.565 [Thread-4] GameCharacter checkReachGameWall:94 Character collided with the left game boundary at x=0
[DEBUG] Thu 2026-09-10 08:21:30.582 [Thread-4] GameCharacter checkReachGameWall:94 Character collided with the left game boundary at x=0
[DEBUG] Thu 2026-09-10 08:21:30.599 [Thread-4] GameCharacter checkReachGameWall:94 Character collided with the left game boundary at x=0
[DEBUG] Thu 2026-09-10 08:21:30.616 [Thread-4] GameCharacter checkReachGameWall:94 Character collided with the left game boundary at x=0
[DEBUG] Thu 2026-09-10 08:21:30.632 [Thread-4] GameCharacter checkReachGameWall:94 Character collided with the left game boundary at x=0
[DEBUG] Thu 2026-09-10 08:21:30.650 [Thread-4] GameCharacter checkReachGameWall:94 Character collided with the left game boundary at x=0
[DEBUG] Thu 2026-09-10 08:21:30.667 [Thread-4] GameCharacter checkReachGameWall:94 Character collided with the left game boundary at x=0
[DEBUG] Thu 2026-09-10 08:21:30.685 [Thread-4] GameCharacter checkReachGameWall:94 Character collided with the left game boundary at x=0
[DEBUG] Thu 2026-09-10 08:21:30.702 [Thread-4] GameCharacter checkReachGameWall:94 Character collided with the left game boundary at x=0
[DEBUG] Thu 2026-09-10 08:21:30.719 [Thread-4] GameCharacter checkReachGameWall:94 Character collided with the left game boundary at x=0
[DEBUG] Thu 2026-09-10 08:21:30.737 [Thread-4] GameCharacter checkReachGameWall:94 Character collided with the left game boundary at x=0
[DEBUG] Thu 2026-09-10 08:21:30.754 [Thread-4] GameCharacter checkReachGameWall:94 Character collided with the left game boundary at x=0
[DEBUG] Thu 2026-09-10 08:21:30.771 [Thread-4] GameCharacter checkReachGameWall:94 Character collided with the left game boundary at x=0
[DEBUG] Thu 2026-09-10 08:21:30.789 [Thread-4] GameCharacter checkReachGameWall:94 Character collided with the left game boundary at x=0
[DEBUG] Thu 2026-09-10 08:21:30.806 [Thread-4] GameCharacter checkReachGameWall:94 Character collided with the left game boundary at x=0
[DEBUG] Thu 2026-09-10 08:21:30.822 [Thread-4] GameCharacter checkReachGameWall:94 Character collided with the left game boundary at x=0
[DEBUG] Thu 2026-09-10 08:21:30.839 [Thread-4] GameCharacter checkReachGameWall:94 Character collided with the left game boundary at x=0
[DEBUG] Thu 2026-09-10 08:21:30.856 [Thread-4] GameCharacter checkReachGameWall:94 Character collided with the left game boundary at x=0
[DEBUG] Thu 2026-09-10 08:21:30.873 [Thread-4] GameCharacter checkReachGameWall:94 Character collided with the left game boundary at x=0
[DEBUG] Thu 2026-09-10 08:21:30.890 [Thread-4] GameCharacter checkReachGameWall:94 Character collided with the left game boundary at x=0
[DEBUG] Thu 2026-09-10 08:21:30.907 [Thread-4] GameCharacter checkReachGameWall:94 Character collided with the left game boundary at x=0
[DEBUG] Thu 2026-09-10 08:21:30.923 [Thread-4] GameCharacter checkReachGameWall:94 Character collided with the left game boundary at x=0
[DEBUG] Thu 2026-09-10 08:21:30.940 [Thread-4] GameCharacter checkReachGameWall:94 Character collided with the left game boundary at x=0
[DEBUG] Thu 2026-09-10 08:21:30.956 [Thread-4] GameCharacter checkReachGameWall:94 Character collided with the left game boundary at x=0
[DEBUG] Thu 2026-09-10 08:21:30.973 [Thread-4] GameCharacter checkReachGameWall:94 Character collided with the left game boundary at x=0
[DEBUG] Thu 2026-09-10 08:21:30.991 [Thread-4] GameCharacter checkReachGameWall:94 Character collided with the left game boundary at x=0
[DEBUG] Thu 2026-09-10 08:21:31.008 [Thread-4] GameCharacter checkReachGameWall:94 Character collided with the left game boundary at x=0
[DEBUG] Thu 2026-09-10 08:21:31.025 [Thread-4] GameCharacter checkReachGameWall:94 Character collided with the left game boundary at x=0
[DEBUG] Thu 2026-09-10 08:21:31.042 [Thread-4] GameCharacter checkReachGameWall:94 Character collided with the left game boundary at x=0
[DEBUG] Thu 2026-09-10 08:21:31.058 [Thread-4] GameCharacter checkReachGameWall:94 Character collided with the left game boundary at x=0
[DEBUG] Thu 2026-09-10 08:21:31.076 [Thread-4] GameCharacter checkReachGameWall:94 Character collided with the left game boundary at x=0
[DEBUG] Thu 2026-09-10 08:21:31.093 [Thread-4] GameCharacter checkReachGameWall:94 Character collided with the left game boundary at x=0
[DEBUG] Thu 2026-09-10 08:21:31.110 [Thread-4] GameCharacter checkReachGameWall:94 Character collided with the left game boundary at x=0
[DEBUG] Thu 2026-09-10 08:21:31.126 [Thread-4] GameCharacter checkReachGameWall:94 Character collided with the left game boundary at x=0
[DEBUG] Thu 2026-09-10 08:21:31.144 [Thread-4] GameCharacter checkReachGameWall:94 Character collided with the left game boundary at x=0
[DEBUG] Thu 2026-09-10 08:21:31.161 [Thread-4] GameCharacter checkReachGameWall:94 Character collided with the left game boundary at x=0
[DEBUG] Thu 2026-09-10 08:21:31.179 [Thread-4] GameCharacter checkReachGameWall:94 Character collided with the left game boundary at x=0
[DEBUG] Thu 2026-09-10 08:21:31.196 [Thread-4] GameCharacter checkReachGameWall:94 Character collided with the left game boundary at x=0
[DEBUG] Thu 2026-09-10 08:21:31.214 [Thread-4] GameCharacter checkReachGameWall:94 Character collided with the left game boundary at x=0
[DEBUG] Thu 2026-09-10 08:21:31.232 [Thread-4] GameCharacter checkReachGameWall:94 Character collided with the left game boundary at x=0
[DEBUG] Thu 2026-09-10 08:21:31.248 [Thread-4] GameCharacter checkReachGameWall:94 Character collided with the left game boundary at x=0
[DEBUG] Thu 2026-09-10 08:21:31.265 [Thread-4] GameCharacter checkReachGameWall:94 Character collided with the left game boundary at x=0
[DEBUG] Thu 2026-09-10 08:21:31.282 [Thread-4] GameCharacter checkReachGameWall:94 Character collided with the left game boundary at x=0
[DEBUG] Thu 2026-09-10 08:21:31.299 [Thread-4] GameCharacter checkReachGameWall:94 Character collided with the left game boundary at x=0
[DEBUG] Thu 2026-09-10 08:21:31.316 [Thread-4] GameCharacter checkReachGameWall:94 Character collided with the left game boundary at x=0
[DEBUG] Thu 2026-09-10 08:21:31.333 [Thread-4] GameCharacter checkReachGameWall:94 Character collided with the left game boundary at x=0
[DEBUG] Thu 2026-09-10 08:21:31.350 [Thread-4] GameCharacter checkReachGameWall:94 Character collided with the left game boundary at x=0
[DEBUG] Thu 2026-09-10 08:21:31.367 [Thread-4] GameCharacter checkReachGameWall:94 Character collided with the left game boundary at x=0
[DEBUG] Thu 2026-09-10 08:21:31.384 [Thread-4] GameCharacter checkReachGameWall:94 Character collided with the left game boundary at x=0
[DEBUG] Thu 2026-09-10 08:21:31.401 [Thread-4] GameCharacter checkReachGameWall:94 Character collided with the left game boundary at x=0
[DEBUG] Thu 2026-09-10 08:21:31.418 [Thread-4] GameCharacter checkReachGameWall:94 Character collided with the left game boundary at x=0
[DEBUG] Thu 2026-09-10 08:21:31.434 [Thread-4] GameCharacter checkReachGameWall:94 Character collided with the left game boundary at x=0
[DEBUG] Thu 2026-09-10 08:21:31.451 [Thread-4] GameCharacter checkReachGameWall:94 Character collided with the left game boundary at x=0
[DEBUG] Thu 2026-09-10 08:21:31.467 [Thread-4] GameCharacter checkReachGameWall:94 Character collided with the left game boundary at x=0
[DEBUG] Thu 2026-09-10 08:21:31.484 [Thread-4] GameCharacter checkReachGameWall:94 Character collided with the left game boundary at x=0
[DEBUG] Thu 2026-09-10 08:21:31.501 [Thread-4] GameCharacter checkReachGameWall:94 Character collided with the left game boundary at x=0
[DEBUG] Thu 2026-09-10 08:21:31.518 [Thread-4] GameCharacter checkReachGameWall:94 Character collided with the left game boundary at x=0
[DEBUG] Thu 2026-09-10 08:21:31.535 [Thread-4] GameCharacter checkReachGameWall:94 Character collided with the left game boundary at x=0
[DEBUG] Thu 2026-09-10 08:21:31.552 [Thread-4] GameCharacter checkReachGameWall:94 Character collided with the left game boundary at x=0
[DEBUG] Thu 2026-09-10 08:21:31.568 [Thread-4] GameCharacter checkReachGameWall:94 Character collided with the left game boundary at x=0
[DEBUG] Thu 2026-09-10 08:21:31.585 [Thread-4] GameCharacter checkReachGameWall:94 Character collided with the left game boundary at x=0
[DEBUG] Thu 2026-09-10 08:21:31.602 [Thread-4] GameCharacter checkReachGameWall:94 Character collided with the left game boundary at x=0
[DEBUG] Thu 2026-09-10 08:21:31.618 [Thread-4] GameCharacter checkReachGameWall:94 Character collided with the left game boundary at x=0
[DEBUG] Thu 2026-09-10 08:21:31.635 [Thread-4] GameCharacter checkReachGameWall:94 Character collided with the left game boundary at x=0
[DEBUG] Thu 2026-09-10 08:21:31.652 [Thread-4] GameCharacter checkReachGameWall:94 Character collided with the left game boundary at x=0
[DEBUG] Thu 2026-09-10 08:21:31.669 [Thread-4] GameCharacter checkReachGameWall:94 Character collided with the left game boundary at x=0
[DEBUG] Thu 2026-09-10 08:21:31.685 [Thread-4] GameCharacter checkReachGameWall:94 Character collided with the left game boundary at x=0
[DEBUG] Thu 2026-09-10 08:21:31.702 [Thread-4] GameCharacter checkReachGameWall:94 Character collided with the left game boundary at x=0
[DEBUG] Thu 2026-09-10 08:21:31.720 [Thread-4] GameCharacter checkReachGameWall:94 Character collided with the left game boundary at x=0
[DEBUG] Thu 2026-09-10 08:21:31.736 [Thread-4] GameCharacter checkReachGameWall:94 Character collided with the left game boundary at x=0
[DEBUG] Thu 2026-09-10 08:21:31.753 [Thread-4] GameCharacter checkReachGameWall:94 Character collided with the left game boundary at x=0
[DEBUG] Thu 2026-09-10 08:21:31.769 [Thread-4] GameCharacter checkReachGameWall:94 Character collided with the left game boundary at x=0
[DEBUG] Thu 2026-09-10 08:21:31.785 [Thread-4] GameCharacter checkReachGameWall:94 Character collided with the left game boundary at x=0
[DEBUG] Thu 2026-09-10 08:21:31.802 [Thread-4] GameCharacter checkReachGameWall:94 Character collided with the left game boundary at x=0
[DEBUG] Thu 2026-09-10 08:21:31.819 [Thread-4] GameCharacter checkReachGameWall:94 Character collided with the left game boundary at x=0
[DEBUG] Thu 2026-09-10 08:21:31.836 [Thread-4] GameCharacter checkReachGameWall:94 Character collided with the left game boundary at x=0
[DEBUG] Thu 2026-09-10 08:21:31.852 [Thread-4] GameCharacter checkReachGameWall:94 Character collided with the left game boundary at x=0
[DEBUG] Thu 2026-09-10 08:21:31.869 [Thread-4] GameCharacter checkReachGameWall:94 Character collided with the left game boundary at x=0
[DEBUG] Thu 2026-09-10 08:21:31.886 [Thread-4] GameCharacter checkReachGameWall:94 Character collided with the left game boundary at x=0
[DEBUG] Thu 2026-09-10 08:21:31.902 [Thread-4] GameCharacter checkReachGameWall:94 Character collided with the left game boundary at x=0
[DEBUG] Thu 2026-09-10 08:21:31.919 [Thread-4] GameCharacter checkReachGameWall:94 Character collided with the left game boundary at x=0
[DEBUG] Thu 2026-09-10 08:21:31.937 [Thread-4] GameCharacter checkReachGameWall:94 Character collided with the left game boundary at x=0
[DEBUG] Thu 2026-09-10 08:21:31.954 [Thread-4] GameCharacter checkReachGameWall:94 Character collided with the left game boundary at x=0
[DEBUG] Thu 2026-09-10 08:21:31.971 [Thread-4] GameCharacter checkReachGameWall:94 Character collided with the left game boundary at x=0
[DEBUG] Thu 2026-09-10 08:21:31.988 [Thread-4] GameCharacter checkReachGameWall:94 Character collided with the left game boundary at x=0
[DEBUG] Thu 2026-09-10 08:21:32.005 [Thread-4] GameCharacter checkReachGameWall:94 Character collided with the left game boundary at x=0
[DEBUG] Thu 2026-09-10 08:21:32.023 [Thread-4] GameCharacter checkReachGameWall:94 Character collided with the left game boundary at x=0
[DEBUG] Thu 2026-09-10 08:21:32.039 [Thread-4] GameCharacter checkReachGameWall:94 Character collided with the left game boundary at x=0
[DEBUG] Thu 2026-09-10 08:21:32.057 [Thread-4] GameCharacter checkReachGameWall:94 Character collided with the left game boundary at x=0
[DEBUG] Thu 2026-09-10 08:21:32.073 [Thread-4] GameCharacter checkReachGameWall:94 Character collided with the left game boundary at x=0
[DEBUG] Thu 2026-09-10 08:21:32.090 [Thread-4] GameCharacter checkReachGameWall:94 Character collided with the left game boundary at x=0
[DEBUG] Thu 2026-09-10 08:21:32.107 [Thread-4] GameCharacter checkReachGameWall:94 Character collided with the left game boundary at x=0
[DEBUG] Thu 2026-09-10 08:21:32.123 [Thread-4] GameCharacter checkReachGameWall:94 Character collided with the left game boundary at x=0
[DEBUG] Thu 2026-09-10 08:21:32.139 [Thread-4] GameCharacter checkReachGameWall:94 Character collided with the left game boundary at x=0
[DEBUG] Thu 2026-09-10 08:21:32.156 [Thread-4] GameCharacter checkReachGameWall:94 Character collided with the left game boundary at x=0
[DEBUG] Thu 2026-09-10 08:21:32.173 [Thread-4] GameCharacter checkReachGameWall:94 Character collided with the left game boundary at x=0
[DEBUG] Thu 2026-09-10 08:21:32.190 [Thread-4] GameCharacter checkReachGameWall:94 Character collided with the left game boundary at x=0
[DEBUG] Thu 2026-09-10 08:21:32.208 [Thread-4] GameCharacter checkReachGameWall:94 Character collided with the left game boundary at x=0
[DEBUG] Thu 2026-09-10 08:21:32.225 [Thread-4] GameCharacter checkReachGameWall:94 Character collided with the left game boundary at x=0
[DEBUG] Thu 2026-09-10 08:21:32.243 [Thread-4] GameCharacter checkReachGameWall:94 Character collided with the left game boundary at x=0
[DEBUG] Thu 2026-09-10 08:21:32.259 [Thread-4] GameCharacter checkReachGameWall:94 Character collided with the left game boundary at x=0
[DEBUG] Thu 2026-09-10 08:21:32.276 [Thread-4] GameCharacter checkReachGameWall:94 Character collided with the left game boundary at x=0
[DEBUG] Thu 2026-09-10 08:21:32.293 [Thread-4] GameCharacter checkReachGameWall:94 Character collided with the left game boundary at x=0
[DEBUG] Thu 2026-09-10 08:21:32.311 [Thread-4] GameCharacter checkReachGameWall:94 Character collided with the left game boundary at x=0
[DEBUG] Thu 2026-09-10 08:21:32.327 [Thread-4] GameCharacter checkReachGameWall:94 Character collided with the left game boundary at x=0
[DEBUG] Thu 2026-09-10 08:21:32.344 [Thread-4] GameCharacter checkReachGameWall:94 Character collided with the left game boundary at x=0
[DEBUG] Thu 2026-09-10 08:21:32.362 [Thread-4] GameCharacter checkReachGameWall:94 Character collided with the left game boundary at x=0
[DEBUG] Thu 2026-09-10 08:21:32.379 [Thread-4] GameCharacter checkReachGameWall:94 Character collided with the left game boundary at x=0
[DEBUG] Thu 2026-09-10 08:21:32.399 [Thread-4] GameCharacter checkReachGameWall:94 Character collided with the left game boundary at x=0
[DEBUG] Thu 2026-09-10 08:21:32.417 [Thread-4] GameCharacter checkReachGameWall:94 Character collided with the left game boundary at x=0
[DEBUG] Thu 2026-09-10 08:21:32.434 [Thread-4] GameCharacter checkReachGameWall:94 Character collided with the left game boundary at x=0
[DEBUG] Thu 2026-09-10 08:21:32.451 [Thread-4] GameCharacter checkReachGameWall:94 Character collided with the left game boundary at x=0
[DEBUG] Thu 2026-09-10 08:21:32.468 [Thread-4] GameCharacter checkReachGameWall:94 Character collided with the left game boundary at x=0
[DEBUG] Thu 2026-09-10 08:21:32.485 [Thread-4] GameCharacter checkReachGameWall:94 Character collided with the left game boundary at x=0
[DEBUG] Thu 2026-09-10 08:21:32.502 [Thread-4] GameCharacter checkReachGameWall:94 Character collided with the left game boundary at x=0
[DEBUG] Thu 2026-09-10 08:21:32.518 [Thread-4] GameCharacter checkReachGameWall:94 Character collided with the left game boundary at x=0
[DEBUG] Thu 2026-09-10 08:21:32.535 [Thread-4] GameCharacter checkReachGameWall:94 Character collided with the left game boundary at x=0
[DEBUG] Thu 2026-09-10 08:21:32.552 [Thread-4] GameCharacter checkReachGameWall:94 Character collided with the left game boundary at x=0
[DEBUG] Thu 2026-09-10 08:21:32.568 [Thread-4] GameCharacter checkReachGameWall:94 Character collided with the left game boundary at x=0
[DEBUG] Thu 2026-09-10 08:21:32.585 [Thread-4] GameCharacter checkReachGameWall:94 Character collided with the left game boundary at x=0
[DEBUG] Thu 2026-09-10 08:21:32.601 [Thread-4] GameCharacter checkReachGameWall:94 Character collided with the left game boundary at x=0
[ INFO] Thu 2026-09-10 08:35:00.838 [Thread-3] GameCharacter trace:131 x:30 y:251 vx:0 vy:0
[ INFO] Thu 2026-09-10 08:35:01.245 [Thread-3] GameCharacter trace:131 x:2 y:251 vx:7 vy:0
[ INFO] Thu 2026-09-10 08:35:01.246 [Thread-3] GameCharacter trace:131 x:300 y:240 vx:0 vy:0
[ INFO] Thu 2026-09-10 08:35:01.348 [Thread-3] GameCharacter trace:131 x:44 y:251 vx:7 vy:0
[ INFO] Thu 2026-09-10 08:35:01.349 [Thread-3] GameCharacter trace:131 x:320 y:240 vx:5 vy:0
[ INFO] Thu 2026-09-10 08:35:01.751 [Thread-3] GameCharacter trace:131 x:86 y:251 vx:7 vy:0
[ INFO] Thu 2026-09-10 08:35:01.752 [Thread-3] GameCharacter trace:131 x:350 y:240 vx:5 vy:0
[ INFO] Thu 2026-09-10 08:35:01.854 [Thread-3] GameCharacter trace:131 x:135 y:251 vx:7 vy:0
[ INFO] Thu 2026-09-10 08:35:01.855 [Thread-3] GameCharacter trace:131 x:385 y:240 vx:5 vy:0
[ INFO] Thu 2026-09-10 08:35:02.257 [Thread-3] GameCharacter trace:131 x:177 y:251 vx:7 vy:0
[ INFO] Thu 2026-09-10 08:35:02.359 [Thread-3] GameCharacter trace:131 x:219 y:251 vx:7 vy:0
[ INFO] Thu 2026-09-10 08:35:02.359 [Thread-3] GameCharacter trace:131 x:415 y:240 vx:5 vy:0
[ INFO] Thu 2026-09-10 08:35:02.460 [Thread-3] GameCharacter trace:131 x:261 y:251 vx:7 vy:0
[ INFO] Thu 2026-09-10 08:35:02.460 [Thread-3] GameCharacter trace:131 x:445 y:240 vx:5 vy:0
[ INFO] Thu 2026-09-10 08:35:02.561 [Thread-3] GameCharacter trace:131 x:475 y:240 vx:5 vy:0
[ INFO] Thu 2026-09-10 08:35:02.662 [Thread-3] GameCharacter trace:131 x:303 y:251 vx:7 vy:0
[ INFO] Thu 2026-09-10 08:35:02.662 [Thread-3] GameCharacter trace:131 x:505 y:240 vx:5 vy:0
[ INFO] Thu 2026-09-10 08:35:02.765 [Thread-3] GameCharacter trace:131 x:475 y:240 vx:5 vy:0
[ INFO] Thu 2026-09-10 08:35:02.967 [Thread-3] GameCharacter trace:131 x:261 y:251 vx:7 vy:0
[ INFO] Thu 2026-09-10 08:35:03.070 [Thread-3] GameCharacter trace:131 x:310 y:251 vx:7 vy:0
[ INFO] Thu 2026-09-10 08:35:03.171 [Thread-3] GameCharacter trace:131 x:268 y:251 vx:7 vy:0
[ INFO] Thu 2026-09-10 08:35:03.273 [Thread-3] GameCharacter trace:131 x:226 y:251 vx:7 vy:0
[ INFO] Thu 2026-09-10 08:35:03.273 [Thread-3] GameCharacter trace:131 x:445 y:240 vx:5 vy:0
[ INFO] Thu 2026-09-10 08:35:03.375 [Thread-3] GameCharacter trace:131 x:268 y:251 vx:7 vy:0
[ INFO] Thu 2026-09-10 08:35:03.375 [Thread-3] GameCharacter trace:131 x:475 y:240 vx:5 vy:0
[ INFO] Thu 2026-09-10 08:35:03.478 [Thread-3] GameCharacter trace:131 x:226 y:251 vx:7 vy:0
[ INFO] Thu 2026-09-10 08:35:03.681 [Thread-3] GameCharacter trace:131 x:505 y:240 vx:5 vy:0
[ INFO] Thu 2026-09-10 08:35:03.782 [Thread-3] GameCharacter trace:131 x:184 y:251 vx:7 vy:0
[ INFO] Thu 2026-09-10 08:35:03.883 [Thread-3] GameCharacter trace:131 x:233 y:251 vx:7 vy:0
[ INFO] Thu 2026-09-10 08:35:16.659 [Thread-3] GameCharacter trace:131 x:275 y:251 vx:7 vy:0
[ INFO] Thu 2026-09-10 08:35:16.761 [Thread-3] GameCharacter trace:131 x:233 y:251 vx:7 vy:0
[ INFO] Thu 2026-09-10 08:35:17.064 [Thread-3] GameCharacter trace:131 x:191 y:251 vx:7 vy:0
[ INFO] Thu 2026-09-10 08:35:17.166 [Thread-3] GameCharacter trace:131 x:240 y:251 vx:7 vy:0
[ INFO] Thu 2026-09-10 08:35:17.268 [Thread-3] GameCharacter trace:131 x:282 y:251 vx:7 vy:0
[ INFO] Thu 2026-09-10 08:35:17.370 [Thread-3] GameCharacter trace:131 x:324 y:251 vx:7 vy:0
[ INFO] Thu 2026-09-10 08:35:19.082 [Thread-3] GameCharacter trace:131 x:366 y:251 vx:7 vy:0
[ INFO] Thu 2026-09-10 08:35:19.185 [Thread-3] GameCharacter trace:131 x:324 y:251 vx:7 vy:0
[ INFO] Thu 2026-09-10 08:35:19.286 [Thread-3] GameCharacter trace:131 x:282 y:251 vx:7 vy:0
[ INFO] Thu 2026-09-10 08:35:19.387 [Thread-3] GameCharacter trace:131 x:233 y:251 vx:7 vy:0
[ INFO] Thu 2026-09-10 08:35:19.690 [Thread-3] GameCharacter trace:131 x:191 y:251 vx:7 vy:0
[ INFO] Thu 2026-09-10 08:35:19.791 [Thread-3] GameCharacter trace:131 x:233 y:251 vx:7 vy:0
[ INFO] Thu 2026-09-10 08:35:19.892 [Thread-3] GameCharacter trace:131 x:275 y:251 vx:7 vy:0
[ INFO] Thu 2026-09-10 09:21:53.079 [Thread-3] GameCharacter trace:131 x:300 y:240 vx:0 vy:0
[ INFO] Thu 2026-09-10 09:21:53.182 [Thread-3] GameCharacter trace:131 x:325 y:240 vx:5 vy:0
[ INFO] Thu 2026-09-10 09:21:53.283 [Thread-3] GameCharacter trace:131 x:30 y:251 vx:0 vy:0
[ INFO] Thu 2026-09-10 09:21:53.285 [Thread-3] GameCharacter trace:131 x:355 y:240 vx:5 vy:0
[ INFO] Thu 2026-09-10 09:21:53.386 [Thread-3] GameCharacter trace:131 x:51 y:251 vx:6 vy:0
[ INFO] Thu 2026-09-10 09:21:53.387 [Thread-3] GameCharacter trace:131 x:385 y:240 vx:5 vy:0
[ INFO] Thu 2026-09-10 09:21:53.487 [Thread-3] GameCharacter trace:131 x:93 y:251 vx:7 vy:0
[ INFO] Thu 2026-09-10 09:21:53.487 [Thread-3] GameCharacter trace:131 x:415 y:240 vx:5 vy:0
[ INFO] Thu 2026-09-10 09:21:53.588 [Thread-3] GameCharacter trace:131 x:142 y:251 vx:7 vy:0
[ INFO] Thu 2026-09-10 09:21:53.589 [Thread-3] GameCharacter trace:131 x:450 y:240 vx:5 vy:0
[ INFO] Thu 2026-09-10 09:21:53.690 [Thread-3] GameCharacter trace:131 x:184 y:251 vx:7 vy:0
[ INFO] Thu 2026-09-10 09:21:53.691 [Thread-3] GameCharacter trace:131 x:480 y:240 vx:5 vy:0
[ INFO] Thu 2026-09-10 09:21:53.792 [Thread-3] GameCharacter trace:131 x:226 y:251 vx:7 vy:0
[ INFO] Thu 2026-09-10 09:21:53.792 [Thread-3] GameCharacter trace:131 x:510 y:240 vx:5 vy:0
[ INFO] Thu 2026-09-10 09:21:53.894 [Thread-3] GameCharacter trace:131 x:268 y:251 vx:7 vy:0
[ INFO] Thu 2026-09-10 09:21:53.895 [Thread-3] GameCharacter trace:131 x:540 y:240 vx:5 vy:0
[ INFO] Thu 2026-09-10 09:21:53.995 [Thread-3] GameCharacter trace:131 x:310 y:251 vx:7 vy:0
[ INFO] Thu 2026-09-10 09:21:53.996 [Thread-3] GameCharacter trace:131 x:570 y:240 vx:5 vy:0
[ INFO] Thu 2026-09-10 09:21:54.097 [Thread-3] GameCharacter trace:131 x:352 y:251 vx:7 vy:0
[ INFO] Thu 2026-09-10 09:21:54.097 [Thread-3] GameCharacter trace:131 x:600 y:240 vx:5 vy:0
[ INFO] Thu 2026-09-10 09:22:17.559 [Thread-3] GameCharacter trace:131 x:394 y:251 vx:7 vy:0
[ INFO] Thu 2026-09-10 09:22:17.665 [Thread-3] GameCharacter trace:131 x:352 y:251 vx:7 vy:0
[ INFO] Thu 2026-09-10 09:22:17.767 [Thread-3] GameCharacter trace:131 x:310 y:251 vx:7 vy:0
[ INFO] Thu 2026-09-10 09:22:17.868 [Thread-3] GameCharacter trace:131 x:261 y:251 vx:7 vy:0
[ INFO] Thu 2026-09-10 09:22:17.969 [Thread-3] GameCharacter trace:131 x:219 y:251 vx:7 vy:0
[ INFO] Thu 2026-09-10 09:22:18.071 [Thread-3] GameCharacter trace:131 x:177 y:251 vx:7 vy:0
[ INFO] Thu 2026-09-10 09:22:18.172 [Thread-3] GameCharacter trace:131 x:135 y:251 vx:7 vy:0
[ INFO] Thu 2026-09-10 09:22:18.275 [Thread-3] GameCharacter trace:131 x:93 y:251 vx:7 vy:0
[ INFO] Thu 2026-09-10 09:22:18.375 [Thread-3] GameCharacter trace:131 x:51 y:251 vx:7 vy:0
[ INFO] Thu 2026-09-10 09:22:18.478 [Thread-3] GameCharacter trace:131 x:9 y:251 vx:7 vy:0
[DEBUG] Thu 2026-09-10 09:22:18.517 [Thread-4] GameCharacter checkReachGameWall:94 Character collided with the left game boundary at x=-5
[DEBUG] Thu 2026-09-10 09:22:18.535 [Thread-4] GameCharacter checkReachGameWall:94 Character collided with the left game boundary at x=-7
[DEBUG] Thu 2026-09-10 09:22:18.552 [Thread-4] GameCharacter checkReachGameWall:94 Character collided with the left game boundary at x=-7
[DEBUG] Thu 2026-09-10 09:22:18.570 [Thread-4] GameCharacter checkReachGameWall:94 Character collided with the left game boundary at x=-7
[DEBUG] Thu 2026-09-10 09:22:18.588 [Thread-4] GameCharacter checkReachGameWall:94 Character collided with the left game boundary at x=-7
[DEBUG] Thu 2026-09-10 09:22:18.606 [Thread-4] GameCharacter checkReachGameWall:94 Character collided with the left game boundary at x=0
[DEBUG] Thu 2026-09-10 09:22:18.624 [Thread-4] GameCharacter checkReachGameWall:94 Character collided with the left game boundary at x=0
[DEBUG] Thu 2026-09-10 09:22:18.641 [Thread-4] GameCharacter checkReachGameWall:94 Character collided with the left game boundary at x=0
[DEBUG] Thu 2026-09-10 09:22:18.658 [Thread-4] GameCharacter checkReachGameWall:94 Character collided with the left game boundary at x=0
[DEBUG] Thu 2026-09-10 09:22:18.676 [Thread-4] GameCharacter checkReachGameWall:94 Character collided with the left game boundary at x=0
[DEBUG] Thu 2026-09-10 09:22:18.694 [Thread-4] GameCharacter checkReachGameWall:94 Character collided with the left game boundary at x=0
[DEBUG] Thu 2026-09-10 09:22:18.711 [Thread-4] GameCharacter checkReachGameWall:94 Character collided with the left game boundary at x=0
[DEBUG] Thu 2026-09-10 09:22:18.728 [Thread-4] GameCharacter checkReachGameWall:94 Character collided with the left game boundary at x=0
[DEBUG] Thu 2026-09-10 09:22:18.746 [Thread-4] GameCharacter checkReachGameWall:94 Character collided with the left game boundary at x=0
[DEBUG] Thu 2026-09-10 09:22:18.764 [Thread-4] GameCharacter checkReachGameWall:94 Character collided with the left game boundary at x=0
[DEBUG] Thu 2026-09-10 09:22:18.781 [Thread-4] GameCharacter checkReachGameWall:94 Character collided with the left game boundary at x=0
[ INFO] Thu 2026-09-10 09:22:18.781 [Thread-3] GameCharacter trace:131 x:0 y:251 vx:7 vy:0
[DEBUG] Thu 2026-09-10 09:22:18.798 [Thread-4] GameCharacter checkReachGameWall:94 Character collided with the left game boundary at x=-7
[DEBUG] Thu 2026-09-10 09:22:18.816 [Thread-4] GameCharacter checkReachGameWall:94 Character collided with the left game boundary at x=-7
[DEBUG] Thu 2026-09-10 09:22:18.832 [Thread-4] GameCharacter checkReachGameWall:94 Character collided with the left game boundary at x=-7
[DEBUG] Thu 2026-09-10 09:22:18.850 [Thread-4] GameCharacter checkReachGameWall:94 Character collided with the left game boundary at x=-7
[DEBUG] Thu 2026-09-10 09:22:18.868 [Thread-4] GameCharacter checkReachGameWall:94 Character collided with the left game boundary at x=-7
[ INFO] Thu 2026-09-10 09:22:18.883 [Thread-3] GameCharacter trace:131 x:-7 y:251 vx:7 vy:0
[DEBUG] Thu 2026-09-10 09:22:18.886 [Thread-4] GameCharacter checkReachGameWall:94 Character collided with the left game boundary at x=-7
[DEBUG] Thu 2026-09-10 09:22:18.903 [Thread-4] GameCharacter checkReachGameWall:94 Character collided with the left game boundary at x=-7
[DEBUG] Thu 2026-09-10 09:22:18.921 [Thread-4] GameCharacter checkReachGameWall:94 Character collided with the left game boundary at x=-7
[DEBUG] Thu 2026-09-10 09:22:18.939 [Thread-4] GameCharacter checkReachGameWall:94 Character collided with the left game boundary at x=-7
[DEBUG] Thu 2026-09-10 09:22:18.956 [Thread-4] GameCharacter checkReachGameWall:94 Character collided with the left game boundary at x=-7
[DEBUG] Thu 2026-09-10 09:22:18.974 [Thread-4] GameCharacter checkReachGameWall:94 Character collided with the left game boundary at x=-7
[DEBUG] Thu 2026-09-10 09:22:18.991 [Thread-4] GameCharacter checkReachGameWall:94 Character collided with the left game boundary at x=-7
[DEBUG] Thu 2026-09-10 09:22:19.008 [Thread-4] GameCharacter checkReachGameWall:94 Character collided with the left game boundary at x=0
[DEBUG] Thu 2026-09-10 09:22:19.025 [Thread-4] GameCharacter checkReachGameWall:94 Character collided with the left game boundary at x=0
[DEBUG] Thu 2026-09-10 09:22:19.043 [Thread-4] GameCharacter checkReachGameWall:94 Character collided with the left game boundary at x=0
[DEBUG] Thu 2026-09-10 09:22:19.061 [Thread-4] GameCharacter checkReachGameWall:94 Character collided with the left game boundary at x=0
[DEBUG] Thu 2026-09-10 09:22:19.079 [Thread-4] GameCharacter checkReachGameWall:94 Character collided with the left game boundary at x=0
[DEBUG] Thu 2026-09-10 09:22:19.095 [Thread-4] GameCharacter checkReachGameWall:94 Character collided with the left game boundary at x=0
[DEBUG] Thu 2026-09-10 09:22:19.114 [Thread-4] GameCharacter checkReachGameWall:94 Character collided with the left game boundary at x=0
[DEBUG] Thu 2026-09-10 09:22:19.131 [Thread-4] GameCharacter checkReachGameWall:94 Character collided with the left game boundary at x=0
[DEBUG] Thu 2026-09-10 09:22:19.148 [Thread-4] GameCharacter checkReachGameWall:94 Character collided with the left game boundary at x=0
[DEBUG] Thu 2026-09-10 09:22:19.164 [Thread-4] GameCharacter checkReachGameWall:94 Character collided with the left game boundary at x=0
[DEBUG] Thu 2026-09-10 09:22:19.182 [Thread-4] GameCharacter checkReachGameWall:94 Character collided with the left game boundary at x=0
[DEBUG] Thu 2026-09-10 09:22:19.199 [Thread-4] GameCharacter checkReachGameWall:94 Character collided with the left game boundary at x=0
[DEBUG] Thu 2026-09-10 09:22:19.216 [Thread-4] GameCharacter checkReachGameWall:94 Character collided with the left game boundary at x=0
[DEBUG] Thu 2026-09-10 09:22:19.233 [Thread-4] GameCharacter checkReachGameWall:94 Character collided with the left game boundary at x=0
[DEBUG] Thu 2026-09-10 09:22:19.251 [Thread-4] GameCharacter checkReachGameWall:94 Character collided with the left game boundary at x=0
[DEBUG] Thu 2026-09-10 09:22:19.268 [Thread-4] GameCharacter checkReachGameWall:94 Character collided with the left game boundary at x=0
[DEBUG] Thu 2026-09-10 09:22:19.285 [Thread-4] GameCharacter checkReachGameWall:94 Character collided with the left game boundary at x=0
[DEBUG] Thu 2026-09-10 09:22:19.303 [Thread-4] GameCharacter checkReachGameWall:94 Character collided with the left game boundary at x=0
[DEBUG] Thu 2026-09-10 09:22:19.320 [Thread-4] GameCharacter checkReachGameWall:94 Character collided with the left game boundary at x=0
[DEBUG] Thu 2026-09-10 09:22:19.338 [Thread-4] GameCharacter checkReachGameWall:94 Character collided with the left game boundary at x=0
[DEBUG] Thu 2026-09-10 09:22:19.356 [Thread-4] GameCharacter checkReachGameWall:94 Character collided with the left game boundary at x=0
[DEBUG] Thu 2026-09-10 09:22:19.373 [Thread-4] GameCharacter checkReachGameWall:94 Character collided with the left game boundary at x=0
[DEBUG] Thu 2026-09-10 09:22:19.391 [Thread-4] GameCharacter checkReachGameWall:94 Character collided with the left game boundary at x=0
[DEBUG] Thu 2026-09-10 09:22:19.408 [Thread-4] GameCharacter checkReachGameWall:94 Character collided with the left game boundary at x=0
[DEBUG] Thu 2026-09-10 09:22:19.425 [Thread-4] GameCharacter checkReachGameWall:94 Character collided with the left game boundary at x=0
[DEBUG] Thu 2026-09-10 09:22:19.442 [Thread-4] GameCharacter checkReachGameWall:94 Character collided with the left game boundary at x=0
[DEBUG] Thu 2026-09-10 09:22:19.459 [Thread-4] GameCharacter checkReachGameWall:94 Character collided with the left game boundary at x=0
[DEBUG] Thu 2026-09-10 09:22:19.476 [Thread-4] GameCharacter checkReachGameWall:94 Character collided with the left game boundary at x=0
[DEBUG] Thu 2026-09-10 09:22:19.493 [Thread-4] GameCharacter checkReachGameWall:94 Character collided with the left game boundary at x=0
[DEBUG] Thu 2026-09-10 09:22:19.511 [Thread-4] GameCharacter checkReachGameWall:94 Character collided with the left game boundary at x=0
[DEBUG] Thu 2026-09-10 09:22:19.527 [Thread-4] GameCharacter checkReachGameWall:94 Character collided with the left game boundary at x=0
[DEBUG] Thu 2026-09-10 09:22:19.544 [Thread-4] GameCharacter checkReachGameWall:94 Character collided with the left game boundary at x=0
[DEBUG] Thu 2026-09-10 09:22:19.561 [Thread-4] GameCharacter checkReachGameWall:94 Character collided with the left game boundary at x=0
[DEBUG] Thu 2026-09-10 09:22:19.578 [Thread-4] GameCharacter checkReachGameWall:94 Character collided with the left game boundary at x=0
[DEBUG] Thu 2026-09-10 09:22:19.595 [Thread-4] GameCharacter checkReachGameWall:94 Character collided with the left game boundary at x=0
[DEBUG] Thu 2026-09-10 09:22:19.612 [Thread-4] GameCharacter checkReachGameWall:94 Character collided with the left game boundary at x=0
[DEBUG] Thu 2026-09-10 09:22:19.629 [Thread-4] GameCharacter checkReachGameWall:94 Character collided with the left game boundary at x=0
[DEBUG] Thu 2026-09-10 09:22:19.646 [Thread-4] GameCharacter checkReachGameWall:94 Character collided with the left game boundary at x=0
[DEBUG] Thu 2026-09-10 09:22:19.663 [Thread-4] GameCharacter checkReachGameWall:94 Character collided with the left game boundary at x=0
[DEBUG] Thu 2026-09-10 09:22:19.680 [Thread-4] GameCharacter checkReachGameWall:94 Character collided with the left game boundary at x=0
[DEBUG] Thu 2026-09-10 09:22:19.698 [Thread-4] GameCharacter checkReachGameWall:94 Character collided with the left game boundary at x=0
[DEBUG] Thu 2026-09-10 09:22:19.715 [Thread-4] GameCharacter checkReachGameWall:94 Character collided with the left game boundary at x=0
[DEBUG] Thu 2026-09-10 09:22:19.732 [Thread-4] GameCharacter checkReachGameWall:94 Character collided with the left game boundary at x=0
[DEBUG] Thu 2026-09-10 09:22:19.749 [Thread-4] GameCharacter checkReachGameWall:94 Character collided with the left game boundary at x=0
[DEBUG] Thu 2026-09-10 09:22:19.767 [Thread-4] GameCharacter checkReachGameWall:94 Character collided with the left game boundary at x=0
[DEBUG] Thu 2026-09-10 09:22:19.783 [Thread-4] GameCharacter checkReachGameWall:94 Character collided with the left game boundary at x=0
[DEBUG] Thu 2026-09-10 09:22:19.800 [Thread-4] GameCharacter checkReachGameWall:94 Character collided with the left game boundary at x=0
[DEBUG] Thu 2026-09-10 09:22:19.818 [Thread-4] GameCharacter checkReachGameWall:94 Character collided with the left game boundary at x=0
[DEBUG] Thu 2026-09-10 09:22:19.835 [Thread-4] GameCharacter checkReachGameWall:94 Character collided with the left game boundary at x=0
[DEBUG] Thu 2026-09-10 09:22:19.852 [Thread-4] GameCharacter checkReachGameWall:94 Character collided with the left game boundary at x=0
[DEBUG] Thu 2026-09-10 09:22:19.869 [Thread-4] GameCharacter checkReachGameWall:94 Character collided with the left game boundary at x=0
[DEBUG] Thu 2026-09-10 09:22:19.887 [Thread-4] GameCharacter checkReachGameWall:94 Character collided with the left game boundary at x=0
[DEBUG] Thu 2026-09-10 09:22:19.903 [Thread-4] GameCharacter checkReachGameWall:94 Character collided with the left game boundary at x=0
[DEBUG] Thu 2026-09-10 09:22:19.921 [Thread-4] GameCharacter checkReachGameWall:94 Character collided with the left game boundary at x=0
[DEBUG] Thu 2026-09-10 09:22:19.938 [Thread-4] GameCharacter checkReachGameWall:94 Character collided with the left game boundary at x=0
[DEBUG] Thu 2026-09-10 09:22:19.956 [Thread-4] GameCharacter checkReachGameWall:94 Character collided with the left game boundary at x=0
[DEBUG] Thu 2026-09-10 09:22:19.974 [Thread-4] GameCharacter checkReachGameWall:94 Character collided with the left game boundary at x=0
[DEBUG] Thu 2026-09-10 09:22:19.991 [Thread-4] GameCharacter checkReachGameWall:94 Character collided with the left game boundary at x=0
[ INFO] Thu 2026-09-10 09:22:19.992 [Thread-3] GameCharacter trace:131 x:0 y:251 vx:7 vy:0
[DEBUG] Thu 2026-09-10 09:22:20.008 [Thread-4] GameCharacter checkReachGameWall:94 Character collided with the left game boundary at x=0
[ INFO] Thu 2026-09-10 09:22:20.095 [Thread-3] GameCharacter trace:131 x:42 y:251 vx:7 vy:0
[ INFO] Thu 2026-09-10 09:22:21.506 [Thread-3] GameCharacter trace:131 x:630 y:240 vx:5 vy:0
[ INFO] Thu 2026-09-10 09:22:21.608 [Thread-3] GameCharacter trace:131 x:660 y:240 vx:5 vy:0
[ INFO] Thu 2026-09-10 09:22:21.720 [Thread-3] GameCharacter trace:131 x:690 y:240 vx:5 vy:0
[ INFO] Thu 2026-09-10 09:22:21.823 [Thread-3] GameCharacter trace:131 x:720 y:240 vx:5 vy:0
[DEBUG] Thu 2026-09-10 09:22:21.878 [Thread-4] GameCharacter checkReachGameWall:97 Character collided with the right game boundary at x=735
[DEBUG] Thu 2026-09-10 09:22:21.895 [Thread-4] GameCharacter checkReachGameWall:97 Character collided with the right game boundary at x=738
[DEBUG] Thu 2026-09-10 09:22:21.913 [Thread-4] GameCharacter checkReachGameWall:97 Character collided with the right game boundary at x=738
[DEBUG] Thu 2026-09-10 09:22:21.931 [Thread-4] GameCharacter checkReachGameWall:97 Character collided with the right game boundary at x=738
[DEBUG] Thu 2026-09-10 09:22:21.951 [Thread-4] GameCharacter checkReachGameWall:97 Character collided with the right game boundary at x=733
[DEBUG] Thu 2026-09-10 09:22:21.968 [Thread-4] GameCharacter checkReachGameWall:97 Character collided with the right game boundary at x=733
[DEBUG] Thu 2026-09-10 09:22:21.985 [Thread-4] GameCharacter checkReachGameWall:97 Character collided with the right game boundary at x=733
[DEBUG] Thu 2026-09-10 09:22:22.002 [Thread-4] GameCharacter checkReachGameWall:97 Character collided with the right game boundary at x=733
[DEBUG] Thu 2026-09-10 09:22:22.021 [Thread-4] GameCharacter checkReachGameWall:97 Character collided with the right game boundary at x=733
[DEBUG] Thu 2026-09-10 09:22:22.038 [Thread-4] GameCharacter checkReachGameWall:97 Character collided with the right game boundary at x=733
[DEBUG] Thu 2026-09-10 09:22:22.055 [Thread-4] GameCharacter checkReachGameWall:97 Character collided with the right game boundary at x=733
[DEBUG] Thu 2026-09-10 09:22:22.072 [Thread-4] GameCharacter checkReachGameWall:97 Character collided with the right game boundary at x=733
[DEBUG] Thu 2026-09-10 09:22:22.089 [Thread-4] GameCharacter checkReachGameWall:97 Character collided with the right game boundary at x=733
[DEBUG] Thu 2026-09-10 09:22:22.107 [Thread-4] GameCharacter checkReachGameWall:97 Character collided with the right game boundary at x=733
[DEBUG] Thu 2026-09-10 09:22:22.125 [Thread-4] GameCharacter checkReachGameWall:97 Character collided with the right game boundary at x=733
[DEBUG] Thu 2026-09-10 09:22:22.143 [Thread-4] GameCharacter checkReachGameWall:97 Character collided with the right game boundary at x=733
[DEBUG] Thu 2026-09-10 09:22:22.160 [Thread-4] GameCharacter checkReachGameWall:97 Character collided with the right game boundary at x=733
[DEBUG] Thu 2026-09-10 09:22:22.178 [Thread-4] GameCharacter checkReachGameWall:97 Character collided with the right game boundary at x=733
[DEBUG] Thu 2026-09-10 09:22:22.196 [Thread-4] GameCharacter checkReachGameWall:97 Character collided with the right game boundary at x=733
[DEBUG] Thu 2026-09-10 09:22:22.213 [Thread-4] GameCharacter checkReachGameWall:97 Character collided with the right game boundary at x=733
[DEBUG] Thu 2026-09-10 09:22:22.232 [Thread-4] GameCharacter checkReachGameWall:97 Character collided with the right game boundary at x=733
[DEBUG] Thu 2026-09-10 09:22:22.250 [Thread-4] GameCharacter checkReachGameWall:97 Character collided with the right game boundary at x=733
[DEBUG] Thu 2026-09-10 09:22:22.267 [Thread-4] GameCharacter checkReachGameWall:97 Character collided with the right game boundary at x=733
[DEBUG] Thu 2026-09-10 09:22:22.285 [Thread-4] GameCharacter checkReachGameWall:97 Character collided with the right game boundary at x=733
[DEBUG] Thu 2026-09-10 09:22:22.302 [Thread-4] GameCharacter checkReachGameWall:97 Character collided with the right game boundary at x=733
[DEBUG] Thu 2026-09-10 09:22:22.319 [Thread-4] GameCharacter checkReachGameWall:97 Character collided with the right game boundary at x=733
[DEBUG] Thu 2026-09-10 09:22:22.336 [Thread-4] GameCharacter checkReachGameWall:97 Character collided with the right game boundary at x=733
[DEBUG] Thu 2026-09-10 09:22:22.353 [Thread-4] GameCharacter checkReachGameWall:97 Character collided with the right game boundary at x=733
[DEBUG] Thu 2026-09-10 09:22:22.372 [Thread-4] GameCharacter checkReachGameWall:97 Character collided with the right game boundary at x=733
[DEBUG] Thu 2026-09-10 09:22:22.389 [Thread-4] GameCharacter checkReachGameWall:97 Character collided with the right game boundary at x=733
[DEBUG] Thu 2026-09-10 09:22:22.406 [Thread-4] GameCharacter checkReachGameWall:97 Character collided with the right game boundary at x=733
[DEBUG] Thu 2026-09-10 09:22:22.423 [Thread-4] GameCharacter checkReachGameWall:97 Character collided with the right game boundary at x=733
[DEBUG] Thu 2026-09-10 09:22:22.441 [Thread-4] GameCharacter checkReachGameWall:97 Character collided with the right game boundary at x=733
[DEBUG] Thu 2026-09-10 09:22:22.458 [Thread-4] GameCharacter checkReachGameWall:97 Character collided with the right game boundary at x=733
[DEBUG] Thu 2026-09-10 09:22:22.474 [Thread-4] GameCharacter checkReachGameWall:97 Character collided with the right game boundary at x=733
[DEBUG] Thu 2026-09-10 09:22:22.491 [Thread-4] GameCharacter checkReachGameWall:97 Character collided with the right game boundary at x=733
[DEBUG] Thu 2026-09-10 09:22:22.508 [Thread-4] GameCharacter checkReachGameWall:97 Character collided with the right game boundary at x=733
[DEBUG] Thu 2026-09-10 09:22:22.526 [Thread-4] GameCharacter checkReachGameWall:97 Character collided with the right game boundary at x=733
[DEBUG] Thu 2026-09-10 09:22:22.543 [Thread-4] GameCharacter checkReachGameWall:97 Character collided with the right game boundary at x=733
[DEBUG] Thu 2026-09-10 09:22:22.560 [Thread-4] GameCharacter checkReachGameWall:97 Character collided with the right game boundary at x=733
[DEBUG] Thu 2026-09-10 09:22:22.577 [Thread-4] GameCharacter checkReachGameWall:97 Character collided with the right game boundary at x=733
[DEBUG] Thu 2026-09-10 09:22:22.593 [Thread-4] GameCharacter checkReachGameWall:97 Character collided with the right game boundary at x=733
[DEBUG] Thu 2026-09-10 09:22:22.610 [Thread-4] GameCharacter checkReachGameWall:97 Character collided with the right game boundary at x=733
[DEBUG] Thu 2026-09-10 09:22:22.627 [Thread-4] GameCharacter checkReachGameWall:97 Character collided with the right game boundary at x=733
[DEBUG] Thu 2026-09-10 09:22:22.645 [Thread-4] GameCharacter checkReachGameWall:97 Character collided with the right game boundary at x=733
[DEBUG] Thu 2026-09-10 09:22:22.661 [Thread-4] GameCharacter checkReachGameWall:97 Character collided with the right game boundary at x=733
[DEBUG] Thu 2026-09-10 09:22:22.679 [Thread-4] GameCharacter checkReachGameWall:97 Character collided with the right game boundary at x=733
[DEBUG] Thu 2026-09-10 09:22:22.695 [Thread-4] GameCharacter checkReachGameWall:97 Character collided with the right game boundary at x=733
[DEBUG] Thu 2026-09-10 09:22:22.712 [Thread-4] GameCharacter checkReachGameWall:97 Character collided with the right game boundary at x=733
[DEBUG] Thu 2026-09-10 09:22:22.730 [Thread-4] GameCharacter checkReachGameWall:97 Character collided with the right game boundary at x=733
[DEBUG] Thu 2026-09-10 09:22:22.747 [Thread-4] GameCharacter checkReachGameWall:97 Character collided with the right game boundary at x=733
[DEBUG] Thu 2026-09-10 09:22:22.765 [Thread-4] GameCharacter checkReachGameWall:97 Character collided with the right game boundary at x=733
[DEBUG] Thu 2026-09-10 09:22:22.782 [Thread-4] GameCharacter checkReachGameWall:97 Character collided with the right game boundary at x=733
[DEBUG] Thu 2026-09-10 09:22:22.799 [Thread-4] GameCharacter checkReachGameWall:97 Character collided with the right game boundary at x=733
[DEBUG] Thu 2026-09-10 09:22:22.816 [Thread-4] GameCharacter checkReachGameWall:97 Character collided with the right game boundary at x=733
[DEBUG] Thu 2026-09-10 09:22:22.833 [Thread-4] GameCharacter checkReachGameWall:97 Character collided with the right game boundary at x=733
[DEBUG] Thu 2026-09-10 09:22:22.851 [Thread-4] GameCharacter checkReachGameWall:97 Character collided with the right game boundary at x=733
[DEBUG] Thu 2026-09-10 09:22:22.868 [Thread-4] GameCharacter checkReachGameWall:97 Character collided with the right game boundary at x=733
[DEBUG] Thu 2026-09-10 09:22:22.885 [Thread-4] GameCharacter checkReachGameWall:97 Character collided with the right game boundary at x=733
[DEBUG] Thu 2026-09-10 09:22:22.902 [Thread-4] GameCharacter checkReachGameWall:97 Character collided with the right game boundary at x=733
[DEBUG] Thu 2026-09-10 09:22:22.919 [Thread-4] GameCharacter checkReachGameWall:97 Character collided with the right game boundary at x=733
[DEBUG] Thu 2026-09-10 09:22:22.936 [Thread-4] GameCharacter checkReachGameWall:97 Character collided with the right game boundary at x=733
[DEBUG] Thu 2026-09-10 09:22:22.953 [Thread-4] GameCharacter checkReachGameWall:97 Character collided with the right game boundary at x=733
[DEBUG] Thu 2026-09-10 09:22:22.970 [Thread-4] GameCharacter checkReachGameWall:97 Character collided with the right game boundary at x=733
[DEBUG] Thu 2026-09-10 09:22:22.987 [Thread-4] GameCharacter checkReachGameWall:97 Character collided with the right game boundary at x=733
[DEBUG] Thu 2026-09-10 09:22:23.004 [Thread-4] GameCharacter checkReachGameWall:97 Character collided with the right game boundary at x=733
[DEBUG] Thu 2026-09-10 09:22:23.021 [Thread-4] GameCharacter checkReachGameWall:97 Character collided with the right game boundary at x=733
[DEBUG] Thu 2026-09-10 09:22:23.039 [Thread-4] GameCharacter checkReachGameWall:97 Character collided with the right game boundary at x=733
[DEBUG] Thu 2026-09-10 09:22:23.058 [Thread-4] GameCharacter checkReachGameWall:97 Character collided with the right game boundary at x=733
[DEBUG] Thu 2026-09-10 09:22:23.075 [Thread-4] GameCharacter checkReachGameWall:97 Character collided with the right game boundary at x=733
[DEBUG] Thu 2026-09-10 09:22:23.094 [Thread-4] GameCharacter checkReachGameWall:97 Character collided with the right game boundary at x=733
[DEBUG] Thu 2026-09-10 09:22:23.111 [Thread-4] GameCharacter checkReachGameWall:97 Character collided with the right game boundary at x=733
[DEBUG] Thu 2026-09-10 09:22:23.128 [Thread-4] GameCharacter checkReachGameWall:97 Character collided with the right game boundary at x=733
[ INFO] Thu 2026-09-10 09:22:23.132 [Thread-3] GameCharacter trace:131 x:733 y:240 vx:5 vy:0
[DEBUG] Thu 2026-09-10 09:22:23.147 [Thread-4] GameCharacter checkReachGameWall:97 Character collided with the right game boundary at x=733
[ INFO] Thu 2026-09-10 09:22:23.233 [Thread-3] GameCharacter trace:131 x:703 y:240 vx:5 vy:0
